card_id,account_id,card_number,card_type,status,expiry_date,created_at
712ba1e8-a11c-47d2-a923-d15a8dfaee66,7131318a-5a33-46f4-924f-ef6ee9525f2e,4064298092968,CREDIT,ACTIVE,2030-01-18,2023-02-21
431222ff-751c-440a-94d6-858cdbf75d87,2be93bb2-5e73-4f21-a911-ae62c49fbb5e,180060267463517,DEBIT,ACTIVE,2031-02-16,2022-02-16
a114c069-a087-4904-a651-472298966824,44bfa6a4-9b05-4903-8bb4-4c5aa06e3cb6,501897062870,CREDIT,EXPIRED,2024-10-07,2024-11-25
2c6a8798-cd46-4c52-b1bb-b2b0636822e2,2d50c65a-9046-49d1-bc3f-7589ab57ee6e,676262719195,CREDIT,ACTIVE,2028-09-20,2021-10-19
f92b9bb2-6d40-4483-bb80-e061152054a8,4b843a37-5842-4bfb-92ea-4942bc4db998,4891218996834505005,CREDIT,ACTIVE,2026-09-27,2026-05-21
42af1123-7b68-41b6-9d85-6ed9a8104c1d,0f2838bc-b392-4c5d-ab58-240f85f43240,3522242431768846,CREDIT,BLOCKED,2030-09-22,2023-06-25
ef0460a5-7945-4e64-8f82-6db8cfd84b5f,dedd9620-98d8-434b-9c1c-9f87ee1851f7,4073891984034,DEBIT,ACTIVE,2031-01-07,2024-01-31
3900782f-0cd7-4579-9f9c-c3be55c45dda,5205f3d9-002e-4e44-870c-318a926b2a15,4685198803174099,DEBIT,ACTIVE,2026-09-25,2021-12-31
ea5e7b27-0132-425f-8921-72f41f28a9b1,62cb823c-4564-4c9f-84c2-31a257b156c8,180069875506849,CREDIT,ACTIVE,2027-05-28,2026-02-19
b369cd2f-5506-4e39-b743-d770bf2ed793,9067036a-a47b-4bc9-944b-b1f5089f189d,4495288260795,CREDIT,BLOCKED,2026-07-09,2024-07-27
f324c0b8-7fa2-4f9c-8ca9-1018f29dd2f2,35e2710f-9c45-4a9b-ac83-3d8141ef5d2d,3598703362068133,CREDIT,BLOCKED,2028-04-10,2026-06-15
4c23ec94-ce21-4f2a-a957-640a20c2b581,7089db3d-347f-497f-b3d2-2e3838da1446,5182203570460963,CREDIT,ACTIVE,2026-10-14,2021-10-01
d661b9e4-281d-4044-835d-359f770dba90,6a0775f8-7a2e-42eb-9397-d617c49b5abc,4568527225397,DEBIT,ACTIVE,2028-03-03,2022-11-14
c84f875d-efb1-499e-a748-87d320716bcb,15c14024-d0c8-40f0-872c-58be656160e6,3511475551574726,DEBIT,ACTIVE,2030-12-10,2024-09-22
025e5474-670d-4fd7-b1bd-13cfdccd3e5c,cf33b552-2cb6-4467-a981-2c8f9a1d6d2f,4066547129012,DEBIT,ACTIVE,2026-12-19,2025-03-04
582b42ec-3b8d-4005-b54b-9cb67ef38049,27fa8e67-c381-4f6d-9969-518782d0a44a,4262851487691058,DEBIT,ACTIVE,2029-09-03,2025-10-26
c24a15b1-d0af-47d7-b9a5-de3559a6617d,50672ee1-46e4-4a25-a870-e54c189f2264,6011248824385180,CREDIT,ACTIVE,2028-01-13,2023-11-17
522be1be-80eb-4586-bb0e-962e3047fb1c,f43a5c78-6f08-49c9-8037-4c4ace57622f,4583669181161161485,DEBIT,ACTIVE,2027-01-22,2025-07-20
954e6faf-58bd-40d5-8460-c0d889474fc2,add347d1-1856-4153-af36-32a4b8d0d360,3538640336959174,DEBIT,ACTIVE,2029-10-13,2022-12-30
543a0cc2-4ea8-4363-84e3-fe0def2a3556,2c238ad6-dadf-47ff-81bf-e252c9f87291,3577217018901600,DEBIT,EXPIRED,2023-10-09,2022-06-03
4da1c574-92d4-4686-8f3f-53f43a7ea32a,0ec3191a-6707-424b-a0c2-d9b3a56034b6,30368268447120,CREDIT,ACTIVE,2027-11-07,2026-02-14
957b0ece-0027-4e50-b84b-abd055ccb678,b659fa5c-93f3-4145-b9d2-6cf9c4eb7b90,2714165103575241,DEBIT,ACTIVE,2030-01-05,2022-07-02
3728eff6-a050-4396-801c-6e272bebf596,a16ec29b-2007-479b-8af9-535b24d69cfb,30317061437721,CREDIT,ACTIVE,2031-02-20,2025-10-23
f710bd21-e928-441a-87e3-e1a636056f7a,35e7bd4e-096c-4fb3-a65c-5dd2ce9a2bbc,213199251076397,CREDIT,ACTIVE,2029-04-25,2024-09-11
35b5d0b8-f7f2-497b-b1db-05209144a384,d54cddbd-b38a-4897-ba4b-3000ee9a79ed,4221290462792526,DEBIT,ACTIVE,2030-06-27,2023-05-15
4f332867-00e5-4dfc-bfc6-903e82c66e16,f07a6ea8-375f-4f67-9f1f-6df76944c2db,630493845055,CREDIT,ACTIVE,2027-10-14,2025-10-13
591d095d-7e68-4b20-817a-062ab481b471,a1d8572e-e049-48e4-b146-92df55f0f517,4251750171542374,DEBIT,ACTIVE,2029-11-03,2023-01-16
7a02dde1-4043-433f-9015-853887eb981b,27d2fd0a-7d84-4e57-afea-5101e098ed1b,3588651229144278,CREDIT,ACTIVE,2028-07-21,2022-06-06
da7e75b8-f3d5-49d4-b6f3-54cfa4ada64a,3dd6be7a-8b0f-4855-889a-011a2f278aa0,6011678551382341,CREDIT,ACTIVE,2028-11-28,2025-03-01
a47668fd-aece-4347-b903-4a9c0116f546,9b8be66e-4721-49bb-b510-853abe4920c3,3519014280615146,DEBIT,ACTIVE,2029-08-13,2025-01-01
f8f17bf3-b238-4367-89b5-fe04f2735b9a,6f6e7553-63ca-4d09-b568-98ab456292b6,4840101155831880161,DEBIT,BLOCKED,2028-04-23,2024-01-26
086f8e78-87a9-4f90-9567-961fdbc17ee7,9adf3080-b184-4234-93a5-9246cbf6545f,4493792670709639103,CREDIT,EXPIRED,2026-04-24,2021-09-16
db92a19c-0108-4672-8178-56fb848653a7,c4ddb4a6-2b75-4718-a8cf-b3b98c6b5c0d,213178215856912,DEBIT,ACTIVE,2027-12-11,2026-01-07
47609c2e-103d-47de-9312-60455b473b7e,89e9da09-4fc9-4444-93f3-ec6f9210dfa2,30181165348667,DEBIT,BLOCKED,2031-04-01,2022-06-05
892df81d-0bf3-4611-823b-96ac4250e4e9,1b710672-b4d3-43cc-9a10-8c65b0c3a3d9,3551961616651923,DEBIT,ACTIVE,2029-12-08,2025-02-05
39c89e3b-93f6-4f90-9ed8-252a7ba65451,565e5515-0fde-4471-bb15-f79b25c4e9e9,373691771774713,DEBIT,ACTIVE,2028-06-07,2022-09-10
661d0c37-0ef3-48b1-a1cb-157a07a82a00,b2314282-8db5-4cb4-88a3-042e8ca47b73,2224737849683563,CREDIT,ACTIVE,2029-08-05,2025-03-11
66485f32-c9fd-4c38-a984-c5f7abdf3dc4,e5b194fa-4296-4a87-9802-a1071489bb5e,3538411093742769,CREDIT,EXPIRED,2023-07-15,2024-01-07
890b489a-44f0-4b46-aac1-1665518efd93,c1602e0d-7974-4deb-b193-726701ab0904,6572599538995768,CREDIT,BLOCKED,2028-07-05,2025-06-06
63af6069-86c8-4090-8232-376ece5beb7e,8633a898-8ac3-4312-9917-c9048fe0990b,3517213929151552,DEBIT,ACTIVE,2028-03-16,2024-01-10
220fd8a3-e5bf-4583-b469-1f183361c13f,2b752abf-a4ae-4ca6-8e48-2eda906a74c4,4938235197917,CREDIT,ACTIVE,2031-04-11,2025-03-29
9de09d61-4bcc-44b1-ab36-43ba69c0412e,a407a85e-aa32-4b67-a9e4-65988e9707b1,4311789864315977,DEBIT,ACTIVE,2030-10-02,2023-01-10
90025368-b972-4d23-97c6-66b565cdfb1b,ff05c639-d6ad-45ce-a3d5-ebf2473a863b,370480003667447,DEBIT,ACTIVE,2028-01-08,2022-11-29
12a177de-f9fd-4335-b70f-d0ecb61c9b2f,94795967-42a1-410d-8bdc-fcc26f5699b9,6011183284811005,DEBIT,ACTIVE,2029-08-17,2024-06-29
0871bed8-6c4e-4305-be5f-86b81ac92494,6e70b5f5-a680-4217-bc22-7526ac61e3dc,6533138586129331,DEBIT,EXPIRED,2026-03-18,2024-03-24
9cd1a092-9b42-4328-a2b0-634e41d06c0c,d8f8c76a-8919-4edc-b3c9-05ccb41b50d4,213186163119084,DEBIT,BLOCKED,2028-06-02,2022-11-16
d7880b11-620a-4ae9-8540-ccb8d5c7e879,a697859b-b088-448b-a5f6-0b8a0208a79b,343817889561604,DEBIT,ACTIVE,2027-05-24,2026-02-26
e3deac01-d7ef-4570-8725-bb725fb71323,8839c1bb-3b49-4e25-b6c1-84fb744ddfd2,4439198595759,CREDIT,EXPIRED,2023-08-21,2023-11-12
a9bdcb97-3ac2-4460-b08e-9a94adc411a9,7f5e3620-ae30-4c6f-9c13-81e9992814e6,572145741011,DEBIT,ACTIVE,2027-07-24,2025-01-24
c9b2b2ed-87e8-4895-94b1-21295bf4ec44,c1e99610-6584-43cc-ae89-3a20891fd06c,2247496696256527,DEBIT,ACTIVE,2030-02-28,2026-01-19
5e765ebb-72af-48b5-ab31-d752ec2b864b,40ac17dc-adb3-45c5-94d9-bf9fc60d7d28,3565838698072026,CREDIT,ACTIVE,2030-02-13,2022-03-06
22482b47-3cb4-480f-8853-b0310ab9b8bd,2381f050-18d9-4ec6-a634-2b6446b923d8,180015239083769,CREDIT,BLOCKED,2029-12-30,2023-09-07
af17afe4-d40b-481e-af66-3595928980b1,c4ddb4a6-2b75-4718-a8cf-b3b98c6b5c0d,4862837355378,CREDIT,ACTIVE,2031-01-10,2021-11-24
d2451fc0-fadb-493b-935e-6839ff16b5c0,c8757907-3782-421f-b5c4-fa4e2fd2f57f,4904885439614672250,CREDIT,ACTIVE,2026-07-01,2026-01-22
5bff2a99-705c-4943-a6c5-dd39576a2961,e98ef162-7bcd-4e77-bace-a820904263a8,3525062267704070,CREDIT,ACTIVE,2031-05-29,2022-01-03
da2792e1-22f2-48ca-b374-9374741c10fb,2c238ad6-dadf-47ff-81bf-e252c9f87291,3515545843047644,CREDIT,ACTIVE,2030-06-11,2026-03-01
e50ffad1-b270-4caf-b067-2153ec5336bc,425333c4-b38a-4709-84ea-fed53bddc5c5,30238303500581,DEBIT,BLOCKED,2031-03-12,2025-10-19
37b219e3-da2d-43f5-8c45-68439c8b7f49,8357a13f-041b-41f7-88c5-c8a888aa4eeb,676391347124,DEBIT,ACTIVE,2031-04-22,2022-05-07
d3ed59c3-2bff-4a46-adf8-d0abe7c89564,2bac28d2-0a2a-4019-9acc-222fd15b1a3c,630488456694,DEBIT,ACTIVE,2027-08-02,2025-04-04
7ddeb436-2875-40b7-a349-db07122f9b39,a8111d64-212c-480e-96be-e386910081c7,30418093665113,DEBIT,ACTIVE,2030-06-03,2024-02-27
e79508a1-e075-4e6d-8c5b-63a06f809181,92f1edd0-251d-4e35-8d5b-83c0815a703a,4070262752917,DEBIT,ACTIVE,2026-11-26,2023-04-12
4b0db1b5-ae3d-4330-9b7a-d9be84670f09,2ef1bece-862e-44c7-b897-19702830c321,2671723301747938,CREDIT,ACTIVE,2030-04-19,2023-10-17
851b226d-3f39-4637-9a82-077f421f1ff3,ad39fe12-4edc-40ec-85de-9423e60c880a,3501442243116490,CREDIT,ACTIVE,2029-06-18,2024-03-20
e866b54b-1210-4b09-90bd-dc1a1d65b22c,43d198a4-254e-4c01-a89b-6842a018f9c3,30485712004339,DEBIT,ACTIVE,2028-10-17,2021-12-08
fb98219b-9341-4d28-a5c3-d718106b360b,28a2cfac-b7d4-472c-868b-ae995b0f86fe,377612970443526,CREDIT,BLOCKED,2027-07-27,2022-08-31
08ba0406-cc60-47ae-835a-58d67882a1c5,de0eb3ab-75b5-4180-aa5c-b276af0ddbd9,6560980455459042,DEBIT,ACTIVE,2030-06-30,2022-07-08
0b4a8f93-65ee-4977-a9e7-03ca93887818,bc892802-22a2-47bf-ba13-3d80d41045a8,563534652083,CREDIT,ACTIVE,2030-03-27,2025-12-31
d973061a-6986-4671-a1f1-bdf68df01fc9,6a0775f8-7a2e-42eb-9397-d617c49b5abc,4597426190925576,DEBIT,BLOCKED,2028-06-12,2022-08-04
50d14adf-5da6-4328-adca-f5eb9ff18af4,3a573fa1-4dbf-4aa4-9660-4e13b9641fa7,2720129696355421,CREDIT,ACTIVE,2029-10-14,2023-05-30
e6361cb0-ddcb-4f02-a347-3ef01143d1cd,50ce737c-6d89-4d8d-a766-d02c67bfad22,4863411331298,CREDIT,BLOCKED,2029-07-10,2023-05-03
300e0773-abba-4c0c-bea3-593fdf1495c9,d868301e-dece-4f17-a819-26d4d0ca4641,4631817716230707,DEBIT,ACTIVE,2031-01-27,2021-11-01
90177b8f-b9c0-479b-9bd8-1374625ca9be,e0d268a0-52b9-4008-8d0e-4b0faff4ead3,2274213860601065,DEBIT,ACTIVE,2027-10-13,2021-11-06
7d863ec5-8e24-46fa-badb-111120d67daf,676beea4-4aae-4384-aac1-16bc5b1a4de1,6517444001252652,DEBIT,ACTIVE,2028-06-21,2025-05-24
0e8a0995-937d-4856-bb64-048d0cf589ac,62193f6e-ee80-4ab3-b0de-28844964fe99,38290756376516,DEBIT,ACTIVE,2026-07-24,2024-12-11
4ef924d8-7b27-4240-a2bd-1af13d52a23f,48f5aa45-cadd-4cd6-9c93-17e6d17f0409,3523493742334609,CREDIT,ACTIVE,2029-02-02,2022-10-24
01047577-456b-4fe8-88cb-4830b779d070,5205f3d9-002e-4e44-870c-318a926b2a15,3556377869613319,DEBIT,ACTIVE,2028-12-03,2025-08-28
352ac87d-715a-4c1a-985b-29b7587b33c6,adb640f4-4976-403c-986f-725a6549bc46,3503917237800363,DEBIT,ACTIVE,2031-06-02,2026-04-07
5135e6f0-703a-4c8a-a7a0-801dc2865887,d813f9b5-1651-48ec-bcc3-845532f8eece,4424910944688845,DEBIT,ACTIVE,2029-07-24,2023-09-21
25ea48cf-e11d-4262-aa51-ac3198b16ad4,d32fe8ee-4dfb-4b24-97d6-a7710de30100,30079747402426,DEBIT,ACTIVE,2030-08-14,2024-10-03
52f15a82-e2a2-4a9a-b6ac-500eb47ac51a,b8a00fe9-f215-48fb-95d6-103c21e11d2f,503872815934,DEBIT,ACTIVE,2031-05-26,2023-01-14
826232ff-eacc-4fe7-a99b-592d58eab7d6,59731f08-ff2c-4b60-ae13-f96008582f17,4134652536397689,DEBIT,ACTIVE,2026-10-24,2025-09-30
58841319-c94d-49b3-8139-b72913540c91,0bec1849-f65d-453b-944a-a33a76cfeab2,4262004298452605,CREDIT,ACTIVE,2027-04-23,2025-06-29
fbcae5ac-cb4f-4878-bccc-a5c08591a783,1b710672-b4d3-43cc-9a10-8c65b0c3a3d9,30486164950755,DEBIT,EXPIRED,2024-03-24,2021-11-21
fc17fbca-9dcd-40f3-9114-9dd7f5cd70bc,10d8fe56-b3b2-4a62-b962-5d09cf9a4c75,3549120865303224,DEBIT,ACTIVE,2031-01-20,2025-05-06
5654a192-3351-4232-a827-9341f3ba85da,556d4600-daaf-4525-9830-7e9f1bfc1726,3551144589166340,DEBIT,ACTIVE,2026-12-12,2023-08-29
d7030d9d-7884-4b5a-9058-4fd4abcfa6cd,70c1be46-3f7b-4e3b-b45d-4e88c327b3be,4362645031394072678,CREDIT,ACTIVE,2028-05-19,2023-12-27
5b2a4b04-3c75-497b-a2f7-71403507e6c4,e8e0a149-3bbc-43d6-82c7-5ef5a0733fba,3569169502993678,CREDIT,ACTIVE,2029-02-25,2024-11-24
b599f4b1-1646-4762-a950-f1e3ddb25f2c,62193f6e-ee80-4ab3-b0de-28844964fe99,2266108783584218,CREDIT,ACTIVE,2027-07-20,2021-11-17
d16ea8bd-ebcd-446f-ab89-9abb7cffe968,e1c79c7e-07de-45d7-a391-3b4e7a202f52,346464805160984,DEBIT,ACTIVE,2027-09-18,2022-06-17
d2760f02-b437-4480-a98f-888d35a8903d,82d7637a-2c35-4c16-82b2-0bc71023f1cf,3509976624961984,DEBIT,ACTIVE,2031-02-17,2024-05-07
ef8d997e-9e9c-4cda-83a3-8eed2963d07d,0a9a589a-2d9d-434e-bbf1-201e69bdbddf,3536539445576675,CREDIT,ACTIVE,2027-07-27,2025-03-29
5a949773-955b-4350-96a7-99ab1832a40a,7024d10e-2a5f-4a9f-8a18-22988816ea29,377423407472231,DEBIT,ACTIVE,2027-08-25,2025-01-03
975e7f1b-0d7c-4b01-b25a-712ab8b5266d,2d0a957e-a2fe-496a-bb85-274387db8dc0,3511804418404399,DEBIT,ACTIVE,2030-11-01,2025-10-22
1e1a59ac-c138-4be5-85a3-448daaa87abe,ce07fcce-1693-4589-995c-b3462d680fd8,4234257960760058970,CREDIT,ACTIVE,2030-03-02,2024-09-17
8db4fe37-8a15-4cf3-b42d-3f6c377c6807,6fca79a5-82bd-4fc3-8a5e-c15b743e5bb3,213102341272588,CREDIT,BLOCKED,2027-04-25,2022-11-29
ef8006ee-6bf4-455e-a313-26f742736564,98a605be-01c7-4523-b442-2220bd09bac1,6011909622828388,CREDIT,BLOCKED,2030-08-20,2023-11-09
e746fe26-c329-4eb8-add0-f2b67ab08cc6,c9eb4f12-594f-4de1-bb06-0ef8a95da745,3536462521575067,CREDIT,BLOCKED,2031-01-26,2026-03-09
86148ee4-6eb9-41f0-867c-6afb5af27608,daa3933c-d8ab-4e8c-a302-e1f00319f59f,577168764600,CREDIT,ACTIVE,2026-12-30,2023-09-09
0ef69522-eb74-4f2f-a3d1-7236ecc606a0,e41b0129-9058-44a1-92bc-d8ac95cb9c23,4235992925784271,CREDIT,ACTIVE,2027-04-26,2024-11-22
3ed7b3dd-cb3c-49bb-aee3-946df852df85,1db0e843-b0a6-4b80-96ad-4d175553a15b,180044626830137,DEBIT,ACTIVE,2028-06-23,2026-02-22
529edc35-0056-446c-a249-712ec85edf38,fd9d42a3-5aea-4197-80b8-b040773cb823,4914181192830,DEBIT,ACTIVE,2030-04-05,2024-01-13
19592401-9470-444d-9002-39e04fe88ddc,f766f7be-d67c-41ef-a748-3dfa2cdff2a6,370514309306175,DEBIT,BLOCKED,2027-03-12,2022-06-12
20a98267-e879-4556-9f39-6ceef704577f,5c9b54b5-c6d6-4d34-84d6-f4e7b3d4c0af,213184743997053,CREDIT,BLOCKED,2029-12-28,2022-06-05
20557744-5209-4d9b-91fa-57ca6a9f1094,c2c32880-da7e-491e-a087-4de807f87499,4626929990659704,CREDIT,ACTIVE,2027-11-15,2023-06-10
a08381c4-266e-45df-b5ef-e1975af6db18,ef699ca6-b3a1-4e01-8f77-8b7aaf8d2c20,30571173721543,DEBIT,ACTIVE,2028-10-22,2023-07-22
6489710c-dbe0-4298-a590-47eb6bf5737d,13d93e56-c8b0-4e0e-9387-4b6fa043d220,060445300258,CREDIT,ACTIVE,2027-08-29,2021-08-15
31f38574-3c4b-420c-b426-4ba1a51d979f,8a4a5e07-b305-43f6-8114-84ed255afac9,3500860874493899,CREDIT,ACTIVE,2029-12-29,2023-10-04
054481aa-0c66-4889-a52d-ae2a46ebf662,1b710672-b4d3-43cc-9a10-8c65b0c3a3d9,6530236070632647,DEBIT,EXPIRED,2025-12-27,2022-04-09
745cb334-61b7-47fc-a9e5-b9b8b17876f5,522da3ad-0a2e-47e9-87a6-99c50294351c,30519824093960,DEBIT,ACTIVE,2028-11-14,2022-02-07
b1c6caa9-f854-481d-abda-5128b4d4a481,996dfd00-9edd-4a70-a5ac-05a399e08156,347476044149171,DEBIT,ACTIVE,2029-11-14,2024-01-06
2cf502ac-e0df-4c9c-b844-b3407a0d32ba,a9ce6032-1dc3-4db9-8c7f-2bdfafde89e6,180099722915356,DEBIT,BLOCKED,2027-10-04,2022-08-29
8e475d9b-a953-44c2-ab65-e6b092459fd2,1b710672-b4d3-43cc-9a10-8c65b0c3a3d9,564643699726,DEBIT,EXPIRED,2024-06-22,2023-05-29
9be9cbe4-dab9-4d70-8978-ace549ad0594,c161cb09-aada-40c2-8858-02b7d97102e3,3567491603153206,CREDIT,ACTIVE,2030-06-16,2025-01-23
6f54482b-d438-4547-b6f9-39b6cf8aefd6,305c6767-4618-4e10-a2ed-f642648bb818,213139148424111,DEBIT,ACTIVE,2027-11-02,2022-06-11
19e12d14-50d4-4aac-b953-d47d69cf0187,51f353fe-90c4-444a-afb8-45f3d48ba3ff,4992781164672,CREDIT,ACTIVE,2027-12-29,2021-07-10
d7859a56-87a3-4677-b1c2-0f53d843862a,6fca79a5-82bd-4fc3-8a5e-c15b743e5bb3,4207498742021529,CREDIT,BLOCKED,2031-03-17,2025-06-03
7fd25b23-1341-4927-90af-7a5c00c030ba,7cd671d2-82ad-4855-a388-1969c01dd98c,4794127568060597,DEBIT,ACTIVE,2030-09-29,2023-05-21
352cd217-9741-430a-93ca-5d497b6a24a7,edfadec7-4643-48f3-8981-5f582104b6d3,6529639173437157,DEBIT,ACTIVE,2027-12-30,2026-02-19
69f3bcbf-d548-4633-b491-3319e8f4da30,1103f9fe-8c50-4204-95c6-2de49c96af8b,2277244247780691,CREDIT,ACTIVE,2030-07-09,2023-11-17
eee217e4-ccb8-4c64-a262-1256f44ae9cb,3a573fa1-4dbf-4aa4-9660-4e13b9641fa7,4596553418617554264,CREDIT,BLOCKED,2027-04-01,2024-08-04
96d137d4-d019-4204-bcf9-bcfc88756cc8,351d80bc-a006-4ef5-8541-3fdef9afb806,3516723511406280,DEBIT,ACTIVE,2031-04-06,2022-08-25
53d16ad0-47a1-448c-9e83-9bce875e2c04,05c1d1c0-7b40-4570-bac5-d848fa767a6b,180045460716076,CREDIT,EXPIRED,2025-04-06,2025-03-30
a5b36dde-9149-4e62-8ae4-cb4b0b4b0e71,35a4c8fd-87f5-432b-a315-6323aa129284,180012352795980,CREDIT,ACTIVE,2027-08-24,2022-03-05
080b3cae-2678-46e6-9f8d-dae2f62dd445,034fb1c1-7cb3-4744-b3a4-75b73bd2cbb8,4080271083841674654,DEBIT,ACTIVE,2026-09-27,2022-10-15
e668755e-d2b7-4e52-94cf-0bd9e9f35e72,5944d863-e612-4db4-9387-9bc0c366b3b2,2226972391623927,CREDIT,EXPIRED,2024-01-21,2022-08-27
66ff74df-03b7-464e-a169-b686fbdbe695,04516903-fc21-4f2c-b687-a2b34920f6bb,3546018225354452,DEBIT,EXPIRED,2023-11-24,2021-12-16
b7050d19-8668-49be-b1a6-f8e559942ffc,f58e5b40-ac46-4bfc-aa86-d62a3949a59d,30479085467900,CREDIT,ACTIVE,2028-04-13,2024-02-12
c79bb2f2-d281-441a-a3a7-8128ce7e5682,c040dffe-a2d9-49e4-85fa-32f733607037,676352726209,CREDIT,ACTIVE,2027-09-28,2022-04-11
a8364b89-7b82-4609-b2c6-1bcdc8bfc3e7,0bec1849-f65d-453b-944a-a33a76cfeab2,6543361578454206,CREDIT,ACTIVE,2028-08-17,2024-10-01
ef481301-02e0-46e6-afbd-5b50d0fee9de,64b0061b-fc9d-4df9-9bdc-2ce35b1dd913,4073694258993579,DEBIT,ACTIVE,2029-06-08,2026-06-07
38173686-e85b-483b-bd07-14d67906ac5a,d54cddbd-b38a-4897-ba4b-3000ee9a79ed,36439049293622,DEBIT,EXPIRED,2025-10-18,2025-08-19
355d7267-4ee7-4495-8c25-e177f809e5b0,ad39fe12-4edc-40ec-85de-9423e60c880a,503803461188,CREDIT,ACTIVE,2030-01-03,2022-04-09
7e0b1a25-aebf-4ad4-a989-1bf64d3be535,9af58df8-eb82-46f9-9e4a-49b303b73eb5,4269997104426031,DEBIT,BLOCKED,2027-08-28,2024-08-15
b2dd369e-e48f-4c67-a138-95427ab4f5ca,676beea4-4aae-4384-aac1-16bc5b1a4de1,5223470264538450,DEBIT,ACTIVE,2030-09-15,2024-10-28
925a7326-2cac-436d-9543-bded2a190d03,a73dc475-2127-4fd2-855c-98273d9cca2d,5455643481782650,CREDIT,ACTIVE,2029-06-11,2022-03-12
76f0f6dc-a4f5-4d6b-81b3-b22979072034,6414ae10-81ea-4eeb-9321-ab208c0b0208,4625228438669,DEBIT,BLOCKED,2028-02-04,2023-02-21
68a9fa3e-2a3c-460f-9a3e-236e14711512,c3adcaac-933d-4455-9e1a-11d65c74932d,378509164405528,DEBIT,ACTIVE,2030-09-04,2025-03-03
77221a2a-2a8d-4146-a2a1-6e9452757944,fc031130-4bdf-46eb-b233-59b25d694f50,6571966867083295,DEBIT,ACTIVE,2027-08-15,2025-04-29
bae536fc-9be9-48a2-a00d-37c41ff0df51,5f69078b-f7ac-4618-b9d1-db5054e0b5da,30268569371773,CREDIT,ACTIVE,2031-03-05,2022-04-09
a5d83a00-448c-4cd6-a8e7-2abb77694561,5944d863-e612-4db4-9387-9bc0c366b3b2,344516710894627,DEBIT,ACTIVE,2029-11-29,2022-06-13
2badfa03-061b-48b4-8f24-c4fabeeda975,cc9d14b5-8fca-428e-971a-c6f3a33bf3bc,676285149750,CREDIT,ACTIVE,2030-03-31,2026-03-10
a89e77de-5ac6-43a1-ab19-0bba498a035b,a7ae14f4-aeba-4bc8-9336-c9cdfce16379,3538800758984759,CREDIT,ACTIVE,2027-02-10,2022-03-12
5ad6cb12-cba2-4c8a-afef-21483a9cb849,88cc3ee1-5c10-428e-a850-85cbf8c2cd27,5130300959663838,DEBIT,BLOCKED,2028-05-23,2024-07-17
bc2ee4e6-e799-4f99-98fd-43be2493d5f7,77475f69-1313-437c-a377-54c24c62c8fb,4316325314884,DEBIT,ACTIVE,2027-03-17,2024-04-05
8eeb5fcd-5481-4781-944c-3babc37b75a3,9b1a9712-8a7d-4b6b-84c2-6bb58979ccf7,4322167168982171,DEBIT,ACTIVE,2026-10-15,2021-07-11
9f15c662-9967-415c-afb2-971ee78048f1,149b3b07-4d0c-4852-9b84-99025c194cb2,4972725391617774,CREDIT,ACTIVE,2029-12-03,2022-01-07
ccc7786d-48aa-4a3b-b758-3330a046b909,f3331b42-df43-46f8-be02-720e924e5d3b,4152109471622199717,CREDIT,ACTIVE,2030-03-07,2024-06-21
40b71fcf-ef4b-4fbc-929e-642a9996cb46,031d6b6c-70a2-4ff9-bc8c-a19ffe0aba4d,4230886104174574,DEBIT,ACTIVE,2027-10-24,2024-08-18
36f17239-2b62-4644-a25e-6cc22c25a885,677c3e76-93ac-43f4-bdf1-b2c14f6ac1e4,180081741686374,CREDIT,ACTIVE,2030-11-24,2024-06-06
c074420c-5c01-45ce-bb60-8fa824ce1ae3,a21a3804-4922-41e4-9002-6953b5dd05e2,213196409497533,DEBIT,BLOCKED,2028-10-09,2025-06-25
2df32b17-a536-4f0d-ad4a-851d2b4c2533,6e70b5f5-a680-4217-bc22-7526ac61e3dc,375938216006393,DEBIT,ACTIVE,2027-03-07,2022-10-07
e8725d52-2ca4-42ff-816a-976d9a18c98f,65336f14-3e2a-4ab0-8ee2-e70618261a92,341429071994668,CREDIT,ACTIVE,2027-09-10,2025-01-10
d141190e-dccf-47b3-884a-57720bef3e1c,10d8fe56-b3b2-4a62-b962-5d09cf9a4c75,6577132402138466,DEBIT,ACTIVE,2026-09-10,2024-01-23
75526a6b-7e3a-4c5f-9adb-3cbf50978572,c9660d41-7101-478b-b84f-838f86085391,377550905106190,DEBIT,ACTIVE,2030-01-23,2025-02-18
ea411d31-050c-4474-936b-3bfecfe17572,2bbf23fc-99c6-4380-b020-433d56e9673d,4250563812276117,CREDIT,ACTIVE,2027-07-17,2023-12-13
30347b22-80e0-4113-8962-ce2735cbc4d9,4347cba0-a80b-4aae-b523-8b8163b614b9,502017936464,CREDIT,ACTIVE,2030-08-19,2023-03-08
ff80c6e9-411f-49cc-8e0d-5d6b8bcde7e8,c97a4f45-9bfc-4b90-87d8-fddb48da8827,3513268713506365,DEBIT,EXPIRED,2025-02-06,2023-11-22
056d2c9f-15d2-4f2f-9c27-6067eaee3157,ca8ef865-f199-4b2b-96ec-2659cb1f8bd9,4390201269632265,CREDIT,ACTIVE,2026-09-17,2021-12-10
a3326998-bd25-46b3-976f-19f55abcc882,41600ff7-cac7-4d8d-8455-43b813f5501a,4382611876251725810,CREDIT,ACTIVE,2029-01-12,2022-02-01
ca0c0a8a-1b25-4037-b94d-c97e9ff585b5,7092f1ff-3b4d-4177-8995-a60b8e577acc,3518499753153348,DEBIT,ACTIVE,2030-01-21,2022-08-08
865595c0-4e20-44eb-861f-ff4db512b062,4c6bb56f-5f4b-446b-b2a6-a53b569b3568,4004812009910791,CREDIT,ACTIVE,2028-04-06,2021-12-31
ad81982e-d95a-4582-809c-8da2597822fb,61d43f8b-d79d-449c-8d1c-c9e77123b33d,4818945038454,CREDIT,ACTIVE,2027-04-12,2024-09-15
f5bda88e-3ae5-47d4-bef3-e20df5d9367d,998b00b2-b51c-478e-9724-8c49bc842931,6522034139393800,DEBIT,ACTIVE,2028-04-03,2024-12-06
ba430f3f-b960-449b-8477-3531c7c7ea0a,70b65ce7-60d3-4b95-ba40-e906e311c77f,4081681621754416,DEBIT,ACTIVE,2027-03-19,2023-01-31
598e355c-8d14-4aee-8fb8-f4b0c1f0bd2f,3278d352-f674-4fc2-a622-22fb698ef9be,344763448729382,CREDIT,ACTIVE,2029-12-05,2024-10-10
bccd5baf-eac2-47a3-bc1e-6b4cae1c46ab,59731f08-ff2c-4b60-ae13-f96008582f17,374381777658826,DEBIT,ACTIVE,2028-02-29,2025-05-18
1f2b8b98-ce04-4640-895f-c914f965f0c5,d8f8c76a-8919-4edc-b3c9-05ccb41b50d4,4654683539639,CREDIT,ACTIVE,2029-04-20,2024-11-10
395c7406-e291-4541-9995-aa349fdb941f,265da5f7-ac1b-4b7c-a4f5-9a95279b8bcb,4928785861424552010,DEBIT,ACTIVE,2028-12-26,2021-10-13
3ca6eccb-8876-472f-8b0f-4d06ea32da8d,54d2de47-c068-4231-aaf7-5f990dd95a56,4146683471665059782,DEBIT,ACTIVE,2030-10-04,2021-11-14
0a1db2c6-15e1-4856-a5b2-0afdf231bd1a,5ef61762-cf68-42d9-b0f3-3fe09abca620,3583822736843356,DEBIT,ACTIVE,2026-10-13,2023-12-02
a5bc166e-b97d-4612-b3e2-69efee434f07,21ae77b0-767c-4ee9-b2db-e5a72af014d7,3520226002123509,DEBIT,EXPIRED,2024-10-01,2023-11-22
aa193969-a6f2-44e6-884e-dc77cbd82823,65336f14-3e2a-4ab0-8ee2-e70618261a92,30079282530680,DEBIT,ACTIVE,2029-10-29,2024-11-12
5d9436cf-163d-4d02-8701-ea828793b396,1a4acb76-4ae5-40aa-87e5-42d060d3dc29,4638605225932357,CREDIT,EXPIRED,2026-01-10,2023-05-19
cd15e731-1110-4e2d-9bcd-d90fb6a9696a,ddccabf0-0a5d-4036-a78e-b946e101e0f7,3589043505495682,DEBIT,ACTIVE,2027-12-29,2023-06-20
b2aff923-5b3a-4355-9f64-4d59b969ba56,26a33030-f3a1-45c1-8e2b-6d7cad8be20f,180078430693166,CREDIT,EXPIRED,2024-03-08,2022-03-03
5f88c15e-aaeb-4422-a509-67bd51811e6f,06274f22-201d-4c73-ad76-d81adf960d89,371307156102139,DEBIT,BLOCKED,2029-09-22,2022-11-26
123be505-dd50-441c-8b53-5f5d55a9ea08,58416a9f-6cfd-47da-adf0-17f0b09daa1a,4669329349023447,CREDIT,ACTIVE,2029-06-05,2026-01-31
f001870f-a8b9-429a-b564-7ae7093eb545,6d0b5919-16e3-4013-bca6-1d8e6dc7cb80,4203122690494,DEBIT,EXPIRED,2025-08-30,2022-12-12
8ea0fa5d-1f34-4c36-b6f4-f9fcee50a176,54501be7-8104-48a8-aef1-c6b1793feef5,30083151727252,DEBIT,ACTIVE,2030-01-15,2023-02-20
d7b7849e-17ce-4365-a38d-257683ae9a4b,a257955a-e9a2-4ea8-a189-49dd3d52bb4b,6528642014031446,DEBIT,ACTIVE,2026-06-30,2024-10-24
8862f42c-1162-48c6-928b-4b81cbc2ae39,d4ac63a5-7390-4020-a106-6aef5ecbe08a,4743328542012587,CREDIT,ACTIVE,2027-02-02,2025-10-09
934a6c91-bcea-46eb-bf4f-f8190a64db41,05c1d1c0-7b40-4570-bac5-d848fa767a6b,3549274271650775,DEBIT,ACTIVE,2031-05-15,2023-10-19
24f3931a-273c-4037-84b1-b347225acc09,262bb36f-01b5-402b-9ff5-52e2091eed78,345812619562608,CREDIT,ACTIVE,2031-01-16,2023-10-26
8dc3de1b-7460-4af9-b432-6be06979f509,8fcd589e-93c9-45a9-8808-f45e41094eb0,4706757735384,DEBIT,ACTIVE,2027-07-23,2023-07-08
332eff18-4d16-40be-a0a3-d9a64c509ab0,f5329a4c-c290-4592-ba3b-34c31142d034,6534681421022996,CREDIT,BLOCKED,2027-12-18,2025-09-28
54cc469c-6e37-4441-be40-651c6f3998da,39c14b41-ac10-40ca-bda0-b8faf6fb4fbc,2599220592624586,CREDIT,ACTIVE,2029-01-05,2025-11-09
420c5cc0-f8d6-4d25-ae15-bb860f6ad315,a21a3804-4922-41e4-9002-6953b5dd05e2,571994191187,CREDIT,ACTIVE,2026-06-27,2024-06-09
30f41f6c-3239-4f72-bf92-1cc2e8e8e0e8,6414ae10-81ea-4eeb-9321-ab208c0b0208,4782428367905451,DEBIT,ACTIVE,2029-11-14,2024-07-05
c1cf657a-fc9c-4aba-bca6-e0b4e89e331c,0e4794fb-0fab-4ef4-9e2c-d844b9f0b0e7,213106063001109,DEBIT,ACTIVE,2028-06-25,2024-07-10
27a6a26f-3083-4e94-9a0e-646997fbc0ee,512abdf1-4af5-40c6-826f-52b3d292ea77,180073941368002,DEBIT,ACTIVE,2029-09-23,2025-01-03
0573d6d4-8e41-4cb6-ae76-b845a4a4cff8,19d5ead8-e419-4cb3-a47f-4e4ad86a583a,2705424366420921,CREDIT,BLOCKED,2027-12-24,2022-12-01
44b9a4a4-be01-44d7-8933-f29864d460d8,61d43f8b-d79d-449c-8d1c-c9e77123b33d,6503228383773781,DEBIT,ACTIVE,2028-05-03,2021-07-31
33c35e6d-2cf2-4b0f-a4aa-c514045ed1ba,19d5ead8-e419-4cb3-a47f-4e4ad86a583a,38988879665117,DEBIT,EXPIRED,2023-08-05,2026-05-15
fd2d4b03-7005-4294-a088-c516edd6f46b,e7cad0cf-a44e-496a-94fe-085259519806,213149926691864,DEBIT,ACTIVE,2031-05-08,2026-04-16
d5e4ed63-893a-4df3-943c-e8d979980bc1,1b710672-b4d3-43cc-9a10-8c65b0c3a3d9,4894462006544145,CREDIT,ACTIVE,2030-05-21,2024-08-02
3277bb6d-952b-46c4-a747-d23e73773099,1178e91f-6ffa-49f9-8f39-124f637a776f,213146548029960,DEBIT,ACTIVE,2027-08-10,2022-06-27
0187b8b5-2d6b-450d-bbcf-6e0fe23d7310,2db68ef7-483e-4342-b8a8-4f7be4af7ac3,30280549005256,CREDIT,ACTIVE,2031-06-09,2026-05-26
59b07601-03ed-45d4-8027-bbb4781f7b78,12b8a476-acaa-4357-be93-b486619a4b45,4887663479951688,CREDIT,ACTIVE,2026-07-17,2023-01-04
96c597f2-7719-4d13-b7c5-eaf889aac8fa,d47099c0-8a95-4cb3-a309-0951d08886d8,2720827807803417,CREDIT,EXPIRED,2025-09-06,2022-04-25
467e248d-8783-4ef3-b3e8-6f336003a4b7,5ee3fbb2-7121-4378-995b-ee1e451f075c,38479562045346,CREDIT,ACTIVE,2030-05-24,2021-12-01
af8b9f83-88d1-4612-ac55-456458eee22e,b52ea27d-8076-4f09-a868-9c700aa21162,589218407726,DEBIT,ACTIVE,2028-03-17,2025-10-20
cf6a99d2-cbf9-439d-b971-8e0bffabc89a,5c43ae1c-8f0d-4b15-8287-acd34bb077f4,502045911224,DEBIT,ACTIVE,2027-04-07,2025-04-07
34b82bdf-a4c8-480d-aeeb-2b2297576dbb,556d4600-daaf-4525-9830-7e9f1bfc1726,345772802230225,DEBIT,ACTIVE,2028-09-25,2021-12-13
a358812f-7d36-4254-84ef-cad4d8979320,78b4fa11-ab8c-4f4d-8141-a684b9eddb34,2715259713970568,DEBIT,ACTIVE,2026-09-17,2024-04-28
62b687c8-b052-4b20-acfb-7d1ba3353e57,b3a1561c-af6b-4d84-87d2-b23733b2ee16,4159285709345581880,DEBIT,BLOCKED,2027-03-27,2023-07-29
8f0fd180-033e-49db-ab01-8a609225ac80,e41b0129-9058-44a1-92bc-d8ac95cb9c23,2702932821720241,DEBIT,ACTIVE,2027-06-12,2024-03-10
7d08534c-8dd3-473c-adf9-db9502340c48,c52cb5f8-c699-4fac-b5e2-9c36f0d89463,675958267659,DEBIT,ACTIVE,2028-09-29,2024-12-20
667fe101-0fc6-4428-92cc-e36470b1850f,e610a9d5-b0a1-4273-a039-0e4a97a4b1b7,3510995846275194,CREDIT,ACTIVE,2029-08-29,2025-05-06
186f2ac2-0f7c-49a3-85e3-b97edccaf574,3fffc571-0e03-4466-a928-7e0d3c2e9928,4240418102638547,CREDIT,ACTIVE,2027-03-29,2024-07-20
d6906430-b9a6-4ce7-9464-09619a34ae19,3e22b26b-7206-46f5-a721-30568542dfe9,6011007645873539,DEBIT,ACTIVE,2027-10-16,2025-07-28
3d832a4c-4054-4e51-925f-0693efd19dab,61cd57c9-5e37-4ccd-8116-4b374e104a9b,6594952111850567,CREDIT,ACTIVE,2030-08-08,2025-12-25
e0d9ffaf-111c-47d0-8011-0aba6e2d7c36,f58e5b40-ac46-4bfc-aa86-d62a3949a59d,3572783029883116,DEBIT,ACTIVE,2026-06-30,2022-06-13
cb788906-c532-4da0-978f-4f0ec354bbe0,000a72df-0650-4c9a-8cf5-cc5905a03f20,180051255215373,CREDIT,ACTIVE,2027-07-06,2025-05-22
7060b07c-b650-40d4-8a44-2e6f64af8acf,a4b2b0a7-92d9-459e-bcb8-5541a32ae55c,344560743672881,DEBIT,ACTIVE,2030-10-24,2025-11-26
92215536-d3ea-4642-b63e-e3d0fcbbc39c,565e5515-0fde-4471-bb15-f79b25c4e9e9,501875292473,CREDIT,ACTIVE,2027-05-07,2024-01-24
1f086668-be06-48d3-9175-bc3172eb943e,cf46bc2e-7fcb-4d9d-a75a-51ffde7305d8,370776281780525,CREDIT,ACTIVE,2026-10-15,2023-01-17
85cc2441-68e9-4c21-b751-11d8d28bc7d4,91d7611a-fc4f-4490-bf2c-437928d8a856,372739890678025,CREDIT,ACTIVE,2030-10-28,2025-03-16
c5d5c936-41ae-4ca7-90c8-008f5fe44c99,d804b5f4-474b-415f-843e-5e0a9b3b2c70,4591679599435,CREDIT,ACTIVE,2028-03-31,2022-10-05
19af9af4-a54f-4ac2-85ca-deae2edab79d,2f4bc514-b8cd-48cf-b1c6-77c681c5fdac,4784139855866674555,CREDIT,ACTIVE,2027-09-19,2026-04-16
ee75ac30-fea9-4e37-ac03-8069e13a1c4e,91d7611a-fc4f-4490-bf2c-437928d8a856,501874203752,CREDIT,ACTIVE,2031-01-26,2025-10-11
8b581d9f-534f-4a31-8017-f8c1cba14c6e,f48e17c9-edfd-4512-b8a2-83b072407bcd,3576945966527495,CREDIT,ACTIVE,2028-08-24,2024-09-18
7026e197-002f-4dcf-85cf-0faa90623810,8d7dfefa-13da-4692-81ef-536969455cb0,4478319645259,DEBIT,ACTIVE,2030-02-14,2024-07-25
4045ed8a-206c-4694-941d-6e6a4a653052,02030219-31b2-4c90-8dcb-294b0983805c,3520090493664292,CREDIT,ACTIVE,2027-12-20,2026-03-28
291afb08-7633-4014-924d-df9979276ec2,4da6fb93-be88-4a3e-b7c4-94204710e458,676266958955,CREDIT,ACTIVE,2027-07-22,2023-09-16
8c615e31-9fda-44bb-96c0-220163d2c0c7,69bacfe9-e7d4-4033-9352-fdf4a51935b9,579734819959,CREDIT,ACTIVE,2028-05-14,2025-06-07
07fdbe07-4237-4479-9266-d50170dc15de,e35009ab-aa84-4651-81a6-612f326341eb,30491670932131,DEBIT,ACTIVE,2026-12-24,2024-11-14
88c161d4-a6f4-499f-b881-a7df80761f1d,a5fd02ca-8e88-4611-bc8b-7bbe1785638f,3582467326797868,CREDIT,BLOCKED,2029-09-13,2022-06-18
ad2d3cef-0157-4ae4-9df1-66468bebd481,db83a6ec-e729-4f30-b868-87186aa7605e,2226320303834879,CREDIT,EXPIRED,2025-10-28,2022-05-28
2c014f28-50c9-42fb-8b9b-1dc3b24019a9,2381f050-18d9-4ec6-a634-2b6446b923d8,30157562195406,CREDIT,ACTIVE,2031-04-02,2022-12-03
b4f32ceb-1412-4cf0-affd-b5f345eb72a6,6b724f6e-fdf0-4579-a6bf-af6e5dce7972,4003946850039,DEBIT,BLOCKED,2030-10-28,2023-06-19
b4c995c4-0e70-4976-b695-fba42da596be,e03209d3-4f45-4bca-9a92-f9c92f587679,3593921596214142,CREDIT,ACTIVE,2027-03-30,2021-10-15
46101c8c-5621-498d-ba44-502874cd61f3,36d69418-db00-4ec8-8e5b-00da4ff3163a,30355332492331,DEBIT,ACTIVE,2029-08-29,2024-07-13
e84e9c3a-a99c-4162-80bf-29796223d7b6,360a96d5-5b08-4435-bb19-889aecf5f450,4198811906256723524,DEBIT,ACTIVE,2026-11-02,2022-03-24
d5c075f2-dc25-42b7-aeef-a9d076d2af91,56f8b4f4-6884-4f3a-8c01-24659a953d73,36775410563063,CREDIT,ACTIVE,2030-03-14,2023-05-12
63dcea7f-7bac-4656-9244-9bd718f58c18,c4cd0104-7e5b-4822-833e-be5ee7ce9287,6558672955458467,DEBIT,ACTIVE,2029-09-19,2023-01-18
184adfab-2a63-4271-ade8-6ce8cd5b7b23,ac4c4b39-90e9-4b0f-bdae-b7b6cbfff898,4706654930797352643,CREDIT,ACTIVE,2029-03-30,2023-04-21
c6dcec9f-fb40-487a-b9d2-5219e313fc50,69bacfe9-e7d4-4033-9352-fdf4a51935b9,30495581336951,CREDIT,ACTIVE,2027-01-27,2022-02-18
c84a000e-4c4d-4d6e-94b6-ef14d5d083cc,97694835-a01a-4eaa-a92a-a8230eacd876,6011076167066004,CREDIT,ACTIVE,2030-07-14,2024-01-24
77abc85f-3720-4f8a-8ec8-d1385bfa2098,78b4fa11-ab8c-4f4d-8141-a684b9eddb34,348017349627575,DEBIT,EXPIRED,2024-06-26,2021-09-05
1a743e0b-c0ee-43db-8ca8-5ca90719b689,a1f17142-e378-4fe5-a4ac-69d2221204c3,4084065173037205,DEBIT,ACTIVE,2030-02-19,2024-09-24
fd404a61-5836-4da8-a638-879e422fe9c8,daa3933c-d8ab-4e8c-a302-e1f00319f59f,3587461319977749,DEBIT,ACTIVE,2028-04-01,2026-04-08
6891f664-2b39-4281-a18c-f6bac46e2e67,1b4cd970-730d-4a3a-9795-d761b819675f,4325743265933,DEBIT,ACTIVE,2030-12-22,2024-11-16
4362630f-b568-4619-b80b-a2488c93eaac,c647f568-019a-4ad6-9609-19bc7795a77f,3578139841361308,CREDIT,ACTIVE,2027-06-21,2022-11-22
5365c58e-a973-428c-b5e0-bbb0f4b8b8f4,2462ccff-6b85-41e9-aedd-f185bc7de5fe,4787094400299065,CREDIT,ACTIVE,2029-08-17,2025-12-15
89d948c2-f504-4233-8f29-f726250635ea,d09b4990-5114-427e-a848-a90ce68d99d2,3544439367703615,DEBIT,ACTIVE,2027-12-25,2024-01-31
100ed108-1188-427c-ab24-c3a93728175e,60012592-66ee-4f77-8303-9a4c19de9635,343439245207028,CREDIT,ACTIVE,2029-12-30,2022-02-22
865733bc-6a56-4174-a8b8-552cf39032f8,3278d352-f674-4fc2-a622-22fb698ef9be,30051133637683,DEBIT,ACTIVE,2027-07-23,2024-08-11
b09d89cc-8b26-47ca-8c87-e83342905845,9a761d59-069a-4026-8eef-36372bc1e648,4252442651322,CREDIT,BLOCKED,2028-06-02,2024-08-10
d2cd833f-1c11-4a33-a7e0-b45196de9302,88cc3ee1-5c10-428e-a850-85cbf8c2cd27,4618766560881585,CREDIT,ACTIVE,2028-11-04,2023-11-09
3754d1f5-3efc-4e31-b612-3e293fd8dd66,f5c21877-ddd6-40fd-9c34-6862617d23aa,374236880208077,DEBIT,BLOCKED,2030-11-24,2025-07-20
37c987fe-54bc-4172-b28a-3467e13883a2,be25ceda-1021-4ec5-8930-89971be51d53,30421461109839,DEBIT,BLOCKED,2027-11-30,2024-12-23
b2cc7348-a065-4f85-bc10-e89c35a33c6b,3ebb591b-ef75-4c4b-873d-f3cb4476481b,4659626240183289466,CREDIT,ACTIVE,2027-11-29,2022-01-31
9d2c70c0-5aed-4918-96c6-268a042f64fc,7024d10e-2a5f-4a9f-8a18-22988816ea29,373786903750902,DEBIT,ACTIVE,2028-10-24,2021-11-27
b5d40cf0-5259-4f6d-b53f-c7bf502437e2,3ebb591b-ef75-4c4b-873d-f3cb4476481b,3587172419945649,DEBIT,ACTIVE,2031-05-30,2023-09-04
c7db57b5-e344-4e1e-b159-33c1ad55b4ee,3ebb591b-ef75-4c4b-873d-f3cb4476481b,3513705445268087,CREDIT,ACTIVE,2030-02-19,2024-11-22
5699a1b0-81c7-4b97-bf98-aeb4c1ecf849,3de0613b-b8b2-4ed3-b72d-1af6d987ce6a,340910514418218,CREDIT,EXPIRED,2025-05-23,2024-10-11
c49ac919-52e5-4f48-86b2-c3e1992eb1d3,7024d10e-2a5f-4a9f-8a18-22988816ea29,4425826539921,CREDIT,ACTIVE,2027-08-09,2024-05-24
c0741ae9-ab83-4838-8feb-ab5dfc81b55b,c9f16898-5f04-4196-aa6b-874ec3a1eb50,371189322421514,DEBIT,ACTIVE,2026-10-18,2022-04-04
b205ae36-a913-46aa-a2f4-efd3d6925e1d,5f69078b-f7ac-4618-b9d1-db5054e0b5da,4900669015005171,CREDIT,BLOCKED,2030-01-27,2023-02-24
e0be1af5-457f-460b-a8ad-fc4682a5c630,a21a3804-4922-41e4-9002-6953b5dd05e2,4038911787451,CREDIT,ACTIVE,2027-12-19,2024-12-16
85b6fcab-bcf2-489e-bc91-ed870518e3e1,86c4035a-0b98-48ae-80c6-cad0ffc939c6,345432292877080,CREDIT,ACTIVE,2027-11-09,2021-10-02
7a55a461-d648-493f-97ad-31258d7411d3,c3201cc0-9f8b-4ec2-a998-260cc9a6a3f2,3509970924056926,CREDIT,ACTIVE,2027-05-09,2022-01-18
2287b98f-a825-4b78-a470-905eb38e3ac8,6a0775f8-7a2e-42eb-9397-d617c49b5abc,560025569040,CREDIT,ACTIVE,2029-01-29,2026-05-27
30042253-d0f1-4c65-b824-d05af9d2b767,238bfb9e-ecc2-4d4e-bb96-468257d7c600,30540233846608,CREDIT,ACTIVE,2026-11-08,2024-08-11
28e8b0dd-44b6-4f9b-9ab8-bdb8705c757e,6f6e7553-63ca-4d09-b568-98ab456292b6,180081624189199,DEBIT,ACTIVE,2027-12-04,2022-10-28
6f7a7b37-03b7-4821-88e7-c212e990f0aa,b986b82c-90cf-472f-8e52-d08b619e3e2f,4513257454114842,CREDIT,ACTIVE,2030-07-11,2023-11-10
79e9493b-f9ab-43c6-9a01-3a509eb7cdca,681926f1-8f71-4ab3-8fcf-86569f559496,4384723102590,CREDIT,BLOCKED,2027-02-25,2024-10-05
2e896b21-d919-43b6-831a-f0ee4d2d8800,a9ce6032-1dc3-4db9-8c7f-2bdfafde89e6,379575383291261,DEBIT,BLOCKED,2031-02-23,2022-10-20
e4da2d93-ef3d-4b89-96e1-724d03b5af57,0b28d2df-d1e6-441b-ae50-0828188f3f4b,4734983733355780,DEBIT,BLOCKED,2028-01-31,2025-10-26
c325cb48-e24b-4f29-8802-0d5bdb51333d,59731f08-ff2c-4b60-ae13-f96008582f17,4600749481977,DEBIT,ACTIVE,2028-05-04,2022-05-15
c76e30c1-fd39-4b2b-80ae-2f2fb90a5e42,cf46bc2e-7fcb-4d9d-a75a-51ffde7305d8,4507200868635083,DEBIT,ACTIVE,2026-07-15,2025-12-27
c214d6fb-23ef-4e88-af8e-62060a04b7bf,cbc22204-0f88-4ef8-9976-09a46037aae7,4001836118359783,DEBIT,ACTIVE,2030-05-25,2024-07-19
77b1cbff-9677-4fdb-890c-430f803e9228,7ccf4b15-8bbb-4ca1-a403-e45fae8eb6ac,3515388406762436,DEBIT,ACTIVE,2029-01-26,2023-08-13
450a9e5d-af4e-4ba8-bed1-3248828a0db9,5ea45b3c-e52d-4d1b-b64f-a2f1cde55d99,346808767716607,CREDIT,ACTIVE,2027-09-25,2021-07-03
ab0046ab-bb96-4379-b79d-425a98102c56,25cb3f39-bba8-4ed1-8329-890edf941764,30386607823173,DEBIT,EXPIRED,2023-07-08,2023-08-27
1e0492a7-8a69-48a3-8e6d-ae9256a8ab01,8c4a6513-52f7-4c27-90fe-57c85c093a2b,372304062496407,CREDIT,ACTIVE,2027-10-03,2022-06-04
3a992197-add4-476e-a6fe-a55229782a6d,2ef1bece-862e-44c7-b897-19702830c321,4974981308990501,CREDIT,ACTIVE,2031-01-26,2023-12-03
154780a1-de28-4f91-bee3-e5cce60d31b4,db83a6ec-e729-4f30-b868-87186aa7605e,4159415766997,CREDIT,ACTIVE,2027-07-08,2025-03-07
8e4290aa-e640-48ce-9e07-9155b95d3ea8,565e5515-0fde-4471-bb15-f79b25c4e9e9,3524113796165936,DEBIT,ACTIVE,2028-03-29,2021-08-08
08a038ab-c637-407d-847f-3e6514bbf5c6,0fd59819-0a39-4e6e-9146-5258da9bdddb,2706715251795833,CREDIT,ACTIVE,2029-06-13,2024-09-09
c79d5c41-ce0b-40b6-a7a6-8e1069c7dd58,48103dcb-2289-4dfa-97f4-b4989bd326ba,6011203358882201,CREDIT,ACTIVE,2029-07-20,2022-09-22
1ec478fe-ff1c-484b-b3a9-8bdaf400be05,e03209d3-4f45-4bca-9a92-f9c92f587679,4443182593536548268,CREDIT,ACTIVE,2026-10-17,2022-01-09
4e8781cf-dcd6-40bb-8d76-a3338371007d,42564860-0dfa-4cb6-a041-0b33544fff37,4314636250947,DEBIT,ACTIVE,2029-09-29,2023-12-16
50c002ce-140c-4c8b-bf5f-b441e566467b,7131318a-5a33-46f4-924f-ef6ee9525f2e,36425574618523,CREDIT,ACTIVE,2028-02-08,2022-02-17
a0feb515-2d6e-40d6-b5a4-daa28195c5b5,2fc49be7-9fe7-4b40-970e-a2ab62c10680,213156356067440,DEBIT,ACTIVE,2029-05-11,2022-09-15
d26a6266-d253-435c-84dd-03ecd47bc5a8,f04f00e1-e869-476b-9499-3f9992fb2460,4642264853363598085,DEBIT,EXPIRED,2026-03-26,2024-09-10
cae82fb1-e0dc-4c99-aa1b-693c0b988261,26b52506-0a67-4b20-a163-b630f1c4b4ce,675918415679,DEBIT,EXPIRED,2024-06-02,2023-05-22
fc71453e-6d90-4a47-8454-de3cd82a17cb,903ff1ad-f991-4517-9b61-d368b5b7d282,4643549051244867051,DEBIT,ACTIVE,2030-09-05,2024-02-15
63cae1f2-1394-4fc4-96a2-049f777f6630,05e336d6-0cf9-46ca-b929-b15a3df6c1b2,2459787698146697,DEBIT,ACTIVE,2031-04-15,2023-12-30
3a902772-6f38-4954-8097-65ab54626653,dbaf4d4b-aea5-4e7a-8dae-acc31bf2910a,30188026834173,CREDIT,ACTIVE,2031-04-15,2024-05-23
a99fa751-03d8-428f-bb6b-332ea931af6d,e610a9d5-b0a1-4273-a039-0e4a97a4b1b7,30002890319528,CREDIT,ACTIVE,2027-06-01,2025-02-12
090d363d-de3a-4f13-94e3-c89decdcc986,c319b79f-9fb7-4d35-bbe0-f3a5190a50b7,3526783282803766,DEBIT,ACTIVE,2031-01-21,2025-06-12
f94fe1da-d460-44b9-a050-2ad67beb6930,04129c0a-4f2e-42b0-aa4d-7cf7d4f7a633,30540988515895,DEBIT,ACTIVE,2027-01-26,2024-04-26
0cf04f68-2475-437b-9311-92d5d81c2cc3,3aa0d2a7-cd11-4ec8-a9a4-ca4cfb65e234,3504876203313059,CREDIT,ACTIVE,2027-09-12,2022-12-23
3f43a352-440a-4dbe-9697-a778461f1568,ca901685-b566-49e7-aef9-f92665c2d8f5,4773000705169685,DEBIT,ACTIVE,2027-06-13,2021-11-07
ce525f4e-8144-4468-882d-83aceba29015,04129c0a-4f2e-42b0-aa4d-7cf7d4f7a633,30425756962539,DEBIT,ACTIVE,2027-10-24,2025-05-25
58277467-c6a3-4ff8-bac0-11de7d5c7cfc,80577b25-3673-41b3-b802-4f69d50d2fc5,4577475195122,CREDIT,ACTIVE,2029-01-25,2022-05-27
ce2fc812-dd7b-47e5-88b4-3108db3b79f6,ea5ba311-fbc3-4d61-912c-e8ab8838bc5b,4399291896053937,CREDIT,ACTIVE,2027-09-23,2023-08-22
31cf7f71-5ad6-49d1-80ff-13e64d13f9b6,eea139ed-22d5-4fc1-bfb3-7f51c9440c4f,2269173805213771,DEBIT,ACTIVE,2030-12-18,2024-07-07
221591e8-4d58-4ac2-873a-e3ed88f9b132,d3c667b8-6db0-455b-91c6-b24bab2ed074,501880963985,CREDIT,ACTIVE,2031-05-26,2022-09-29
54e6ef02-c049-4eb2-957a-7c8d0df2df69,5ee3fbb2-7121-4378-995b-ee1e451f075c,574903102931,DEBIT,BLOCKED,2030-04-29,2023-03-09
5bf3a1c1-eb15-4483-8d3f-c0d4025baf3f,10d8fe56-b3b2-4a62-b962-5d09cf9a4c75,3508155307765860,CREDIT,ACTIVE,2029-09-22,2021-10-01
7def0013-3416-4b37-b65b-33c50432bab1,48103dcb-2289-4dfa-97f4-b4989bd326ba,4754907966206936,DEBIT,EXPIRED,2025-09-28,2025-11-08
b6817a5b-ab07-4859-b914-87f5fc05cc77,838d8aa4-2245-4e0c-bfc9-01e17aa1e8da,3587008698821277,CREDIT,ACTIVE,2026-11-09,2022-04-28
6c2c14f7-8001-4fba-8c11-277b3d5058cc,0497ea58-4a28-4519-8da6-672f204b0f6b,5592395211264210,CREDIT,ACTIVE,2028-08-25,2021-10-01
07af4130-0937-447d-b82a-4ec6a4437bde,c3adcaac-933d-4455-9e1a-11d65c74932d,4695016152662514,CREDIT,ACTIVE,2028-08-28,2025-09-21
e5ce0ed6-77f3-454c-8ce2-cf8a42ebcdb3,06274f22-201d-4c73-ad76-d81adf960d89,340839636155699,CREDIT,ACTIVE,2026-10-26,2021-07-09
6c5e8898-040b-4454-946e-6c69b872e98c,7c911fc2-5828-46cb-9352-72136a16d554,3505739351976540,DEBIT,ACTIVE,2030-06-29,2021-10-01
0fa22b6b-a853-48e3-8c77-08a02ada420d,413fadc2-415a-41e6-a224-12d6e4095250,180004853762692,DEBIT,ACTIVE,2028-09-11,2025-03-07
a0e35736-2dfb-4162-9065-0079d12d1598,073de679-d7b6-4c91-9a6c-72da135aea65,347856039388571,DEBIT,ACTIVE,2028-03-17,2025-06-24
67581860-7178-427e-b35c-c15de087de06,2b752abf-a4ae-4ca6-8e48-2eda906a74c4,4887284027310262791,DEBIT,ACTIVE,2030-01-04,2022-06-23
80e16448-ec4b-4338-b7af-4d8510fc4ba5,f43d0054-b2b8-4dd2-b3f8-5ff002d5224c,3594100618986164,DEBIT,ACTIVE,2031-01-26,2024-08-01
b439a42e-40fa-420f-a8e2-b449e9cb5339,a0a0a81c-b97e-470c-a472-4c0ad2be2452,676344037889,CREDIT,ACTIVE,2028-10-06,2023-10-01
b10a5832-8e07-4af3-8c8d-6921946380f3,1b4cd970-730d-4a3a-9795-d761b819675f,3538928231019404,CREDIT,ACTIVE,2027-08-19,2024-04-25
7dae58c3-317d-43f5-b34b-9c4c6eef4d44,1b25e596-91c0-4d96-bd13-9aaa9bf4cc1b,6011662311744909,CREDIT,BLOCKED,2027-01-22,2022-01-02
3311b64d-d9ec-45d0-b6c4-cbcbffe1feee,bc8b0bda-8196-4cff-8e83-b7b63f8f479d,30331126075970,CREDIT,ACTIVE,2027-07-25,2022-06-19
312e91b1-6a72-4750-8e94-276d5cf46a30,7024d10e-2a5f-4a9f-8a18-22988816ea29,213187699841258,CREDIT,ACTIVE,2030-07-12,2026-04-28
97c245e1-283e-4eca-a9ad-8a3c7c8e47de,b4c1fea6-ce90-4b40-bd8b-150252da853f,346114137219368,CREDIT,EXPIRED,2025-04-02,2022-05-28
a63a8d63-e0a0-4f15-aedc-1d56a3ea90fb,877da022-7cab-416a-8948-4650b095d45b,3561726027146492,CREDIT,ACTIVE,2029-10-28,2024-06-21
f55f6d74-e036-4340-b318-e8966c66d37e,5359c4a1-cff3-4737-b6c7-1fa513ba3fc6,4358683094682,CREDIT,ACTIVE,2029-07-21,2024-08-18
d3f5d649-0504-4094-a6fc-114db1f7f98f,c94162fa-a92e-458d-a97b-3a2dd44c9c4c,4630890647258,CREDIT,ACTIVE,2027-04-13,2021-11-17
6733be23-3954-4a4f-8b75-19d4b8606871,2d294a97-1ad2-4ad8-bc06-20449e292eb8,4369898703516868,CREDIT,ACTIVE,2030-04-25,2022-08-29
5abd0c62-38ee-4fc5-bc99-e3f69777b5ce,238bfb9e-ecc2-4d4e-bb96-468257d7c600,6564760282114754,CREDIT,ACTIVE,2027-01-03,2026-05-05
9adaa7b6-6da7-4082-8dc3-12ff35c29a62,fee6244d-e14c-468e-b176-66e0d941f43f,375779379202571,CREDIT,ACTIVE,2028-12-31,2022-09-09
fe50edeb-76f6-4d11-aa0e-dbf3e422b2e9,54501be7-8104-48a8-aef1-c6b1793feef5,4065637113456068,DEBIT,ACTIVE,2028-02-07,2025-08-19
4ab036eb-b7e4-4dd8-8777-8149c99da90d,60bdc1a1-e1c2-46f0-b6ae-f7995779457e,6011043277550244,CREDIT,ACTIVE,2030-08-26,2021-06-20
16effc02-ee2a-4c75-9930-8b74e32e6482,ad39d625-3292-4ad9-8258-680122b43faf,639008739059,DEBIT,ACTIVE,2030-10-12,2024-02-05
17749bec-0031-4f2c-858f-7e2f66d4c044,33a1a220-bca0-4698-9220-807c181fd821,4848209176240958145,DEBIT,ACTIVE,2028-10-12,2026-05-07
8984462f-bc6b-43bc-8bbd-594e007c287d,c9bc24e2-3084-4920-87fa-c90cc2888bae,3525013235348805,DEBIT,ACTIVE,2030-10-13,2025-08-28
674ce4e3-9284-44fd-8f23-e776f35de358,1178e91f-6ffa-49f9-8f39-124f637a776f,30248759447104,DEBIT,ACTIVE,2028-04-09,2023-06-20
56b18abe-9980-4d0c-9fdf-2170e8cc3e91,db83a6ec-e729-4f30-b868-87186aa7605e,2500030121658577,CREDIT,EXPIRED,2025-07-16,2023-11-29
4177ab81-d57d-40d0-aa34-44f08779c55d,0ec3191a-6707-424b-a0c2-d9b3a56034b6,3530388176879825,CREDIT,ACTIVE,2027-01-19,2025-04-03
4ab59283-b915-4792-8113-d555ae2c4526,759c5270-6de9-420e-bf45-041a2e57fd8c,371914892302467,CREDIT,ACTIVE,2027-08-08,2026-05-18
e905a169-801c-4ed5-b073-c9d5fb4d9d85,03779f1a-443f-47a4-aeaf-455b70749265,2706553427354056,DEBIT,ACTIVE,2027-07-02,2025-04-03
9efb5bfc-2ba3-47ee-88ef-6a204b0ec2cd,4c6bb56f-5f4b-446b-b2a6-a53b569b3568,4120963769790790718,CREDIT,EXPIRED,2024-02-12,2024-05-07
765a3944-b751-46ff-af25-9e4d99548c07,ef699ca6-b3a1-4e01-8f77-8b7aaf8d2c20,5325078467493345,CREDIT,ACTIVE,2030-04-20,2024-10-01
1f49fcb0-ca5b-458d-8297-6ea80cf21272,681926f1-8f71-4ab3-8fcf-86569f559496,3597723676794530,DEBIT,ACTIVE,2028-05-30,2026-01-18
d5d63c5c-89ad-4b71-a209-676ee004e2c5,77363c2b-bcf5-4345-86fc-7caf4bb9c473,379600499562718,CREDIT,ACTIVE,2027-11-26,2025-12-09
50fe03d7-d8b7-4953-b0e5-7d31156f186c,6e12bd71-6c0a-403e-a7f9-bb56f7ce5848,675953921862,DEBIT,ACTIVE,2030-04-07,2024-02-14
dd47261a-b127-4f4f-b369-6fda863ab5bc,e2f63189-454c-4dcd-97d0-076de71ae118,180086878411074,DEBIT,ACTIVE,2027-12-16,2025-11-19
0aa53d49-dede-40a1-8033-92065f0551ab,2c295e59-4d2c-4354-ae01-012f2585a0bb,503817693297,DEBIT,ACTIVE,2028-07-01,2024-08-12
f200aada-3dbf-4e56-a677-e48f3ed3fa28,edfcc2d6-2118-4615-ac6a-2be4c736feae,6011198659598722,CREDIT,ACTIVE,2030-12-11,2023-11-11
78623144-23bf-44b2-9fc2-e4bcaff81649,09f119f2-5526-422b-9191-1617a9aec011,577170330572,DEBIT,ACTIVE,2030-05-09,2025-11-10
08fec9ff-471e-4094-9bcb-9baab283bf7b,425333c4-b38a-4709-84ea-fed53bddc5c5,3572868314335060,DEBIT,ACTIVE,2030-12-12,2026-04-18
8079dc15-b3f0-4125-8a93-e9c5ed2ead4a,9f9b9db4-913b-42c4-9964-f49ac40432db,5527057613137473,DEBIT,ACTIVE,2030-01-22,2023-07-16
f420e5bf-4f6f-4f1f-b595-05d90a30bc14,b659fa5c-93f3-4145-b9d2-6cf9c4eb7b90,6551288354451552,CREDIT,ACTIVE,2027-05-09,2022-07-15
19456023-62e2-46a4-b5e6-993cf6676cc4,b2772d02-6392-46df-8304-feabb5e1b801,213173935004299,CREDIT,ACTIVE,2029-06-07,2024-09-17
97a5743f-2014-4694-b635-66ba24b6ce68,dd93c945-aaa5-4e63-a8b2-702c99fb1076,4725001006822,DEBIT,EXPIRED,2026-03-15,2025-06-06
012e4956-0a2d-4cf5-a7a5-6883bc64ac8a,5ea45b3c-e52d-4d1b-b64f-a2f1cde55d99,4646760375275923,DEBIT,ACTIVE,2029-01-09,2021-10-12
452d73fe-b5ef-45e7-a8d1-029973b1d4a6,cc1275fd-abf0-4705-a6f1-3e371164a965,378093354256322,DEBIT,ACTIVE,2028-10-26,2024-01-03
51dcc5a0-fbd2-4464-8467-3379e2651ebb,ad39d625-3292-4ad9-8258-680122b43faf,4376380262526738,DEBIT,ACTIVE,2027-07-27,2021-11-10
ad4c1506-dbbe-40bb-99b8-bd774a387858,a1d8572e-e049-48e4-b146-92df55f0f517,6011094232049145,CREDIT,ACTIVE,2031-02-21,2026-03-26
5289f5f9-3f21-4e39-b4ab-26cb55bafd88,d09b4990-5114-427e-a848-a90ce68d99d2,3528240376356217,DEBIT,ACTIVE,2027-02-11,2022-11-14
853bc0f3-f2b1-4588-9425-686a06a3eba8,3eb83f96-4f0a-4773-b0be-1f638eb691ca,345682940285942,CREDIT,ACTIVE,2029-01-08,2024-06-10
2d133df3-955b-4c4c-83f9-356196c06307,f2785d8c-157c-443b-b5ef-9a4f62f06534,30205407414795,CREDIT,ACTIVE,2028-06-30,2021-11-24
045dc172-fabf-44dc-bcb1-ae9fb4096737,88b775c1-f518-4f5e-a4af-bdee3f9f3e31,30492758083979,CREDIT,ACTIVE,2027-03-03,2025-02-19
5c6ffbfb-8d58-4379-9508-4c4f6601ee22,522da3ad-0a2e-47e9-87a6-99c50294351c,4000832678375,DEBIT,ACTIVE,2030-01-28,2021-07-12
436c9d14-6e5c-47cc-8bc2-dc68572a609e,c161cb09-aada-40c2-8858-02b7d97102e3,3536745517121486,CREDIT,ACTIVE,2027-02-24,2026-04-19
7fa340a3-f241-4b96-8b17-032842ed8975,c1e99610-6584-43cc-ae89-3a20891fd06c,4241948314451,CREDIT,ACTIVE,2028-05-01,2024-03-14
18cd118b-d54f-4548-8adf-1dd0f8696fde,5e94a8a2-5e00-4825-a3a4-c25631dc21be,4524802945934062788,CREDIT,ACTIVE,2030-12-15,2021-11-11
475695e7-b4b3-4f72-8fb5-cc867484d5c6,02030219-31b2-4c90-8dcb-294b0983805c,4803729942839270184,DEBIT,BLOCKED,2027-06-06,2021-06-21
8f698308-b136-452b-8f25-6f7e62d9649a,2f25f339-d4a9-4658-b125-bc2bf0f59cc4,3519636636537325,DEBIT,ACTIVE,2028-01-10,2023-01-28
271fde17-d00e-470f-b23b-6f3652e61ddd,39c14b41-ac10-40ca-bda0-b8faf6fb4fbc,3532155577109849,CREDIT,ACTIVE,2027-05-19,2026-01-19
073c7429-d34e-4f99-81be-6dd64a9cf9c4,9fad9c77-27d2-4b41-9148-92f512ac7fe3,213184369647735,CREDIT,ACTIVE,2029-01-04,2025-11-29
7fc3033c-a1b3-4ef4-80f9-63b280df98c5,9307c67c-016a-429e-a87a-43e470362b36,4878446454439049,CREDIT,ACTIVE,2029-06-23,2023-02-12
2c40fd7e-7a41-4321-bfe9-93142c412828,2462ccff-6b85-41e9-aedd-f185bc7de5fe,4815295660408051821,CREDIT,ACTIVE,2031-06-20,2023-12-20
13ed465c-ccaa-41f7-8466-ff1c6f9448b7,3a573fa1-4dbf-4aa4-9660-4e13b9641fa7,4223548438021,DEBIT,ACTIVE,2026-10-19,2023-11-11
403e5cb7-4252-498d-97eb-f3b851b2a0f4,e04700f5-f318-4da0-9ab7-7a29662263e0,4285318163071267278,DEBIT,ACTIVE,2027-04-05,2021-06-26
b119ed0d-e191-42b1-b68a-04e2208e5692,01912f27-87fc-46f5-895b-0616d207d3ff,4860135184862,CREDIT,BLOCKED,2031-03-07,2025-02-15
a6f3a0cb-1f97-458e-abe2-1737c153360f,3f6f4817-0fa5-4a52-8605-7d45072618ff,2270938193647153,DEBIT,EXPIRED,2026-04-14,2021-11-14
cd0e3d4a-29a1-44ed-98c9-99add228fbc1,d2cc61a0-736c-40ea-9209-3a0ecb462a26,213173164272260,DEBIT,ACTIVE,2028-02-12,2024-07-17
1fb30ef0-ad8b-418e-a665-09fb7ee4dcb9,a0a0a81c-b97e-470c-a472-4c0ad2be2452,4850727003013613,DEBIT,ACTIVE,2030-06-01,2024-11-21
1122c75f-9297-42d4-98ec-7f10452b1dca,51f353fe-90c4-444a-afb8-45f3d48ba3ff,213198753016638,CREDIT,ACTIVE,2027-12-24,2023-02-17
d93b0c20-7af2-49b7-8ee8-c0d967169046,cfdc268a-51d8-4b1c-a122-5f3743930270,30041669278283,CREDIT,ACTIVE,2028-12-22,2026-03-20
cc1c8cbe-ad09-40f3-a861-3f7cc79a34ce,f94cf8f5-6bb6-4d67-9773-d66733619141,370549948140189,CREDIT,BLOCKED,2030-04-30,2024-05-26
3f41582a-fc30-4dfc-86e8-9cf58a0fd532,03e682f5-eab5-4406-9760-b74e61819d12,502007498285,CREDIT,ACTIVE,2027-05-20,2023-04-05
bb420829-710d-4248-8ab4-91cc9a73ec14,03e682f5-eab5-4406-9760-b74e61819d12,213173834403717,DEBIT,ACTIVE,2028-12-12,2024-01-12
1c1097c8-d7c9-4cd8-92fc-81ff91c4b28e,9c962001-e45b-4b62-ab53-70a4e153fbaf,2327728013940356,CREDIT,ACTIVE,2028-03-18,2025-11-24
1d1d6515-54ff-44ef-857f-f06dbfd947a9,677c3e76-93ac-43f4-bdf1-b2c14f6ac1e4,3551967712049466,DEBIT,ACTIVE,2029-04-18,2024-08-03
13a56e43-9032-4cc7-a8d7-89f35edb0698,12403bc0-8048-46b7-b8db-a34dae436206,4463472759859663524,DEBIT,ACTIVE,2028-04-12,2025-04-30
1146ea84-f334-441b-a225-63bd3f87b6ca,ab302b71-d14a-4232-af46-386cdcc099f6,630492823160,DEBIT,ACTIVE,2029-05-28,2024-06-01
a1fef421-8e27-48d6-8c9b-0d153f20e1b7,0ee7918f-de4b-40dc-81c7-05da75c35013,180002723860373,CREDIT,ACTIVE,2028-11-15,2022-06-04
1ff3cb10-694a-4756-98f6-98b09f3e77e4,340086b9-40b7-448c-b8b5-7a79ef0d12a0,3575888785786770,DEBIT,ACTIVE,2028-12-26,2025-10-30
0228f480-ec28-45a2-85fc-6ebfb2707846,d2cc61a0-736c-40ea-9209-3a0ecb462a26,4351643268872524,DEBIT,ACTIVE,2029-10-06,2025-04-11
f49aaf3d-0fd3-40ba-b2ba-724f292a92fe,a257955a-e9a2-4ea8-a189-49dd3d52bb4b,4831657278874354428,DEBIT,ACTIVE,2027-05-19,2023-07-30
b3e406dc-011a-4b33-8707-180a1e6ea04f,1c13da9a-b945-4245-8263-366873491919,502038778713,CREDIT,ACTIVE,2031-01-15,2023-07-03
21c94d53-4e7e-4a60-8fdb-4a9a05795dc0,d1b08712-f51a-4d1c-a632-106353c14902,377238199474017,CREDIT,ACTIVE,2030-10-20,2023-05-09
6cc30646-ca09-413d-b113-3368d8330d27,7092f1ff-3b4d-4177-8995-a60b8e577acc,36263889854024,DEBIT,ACTIVE,2028-10-11,2026-04-20
e9d95d89-2f03-45ab-b653-3f5443d31bf7,5ef61762-cf68-42d9-b0f3-3fe09abca620,4842544425683673498,DEBIT,ACTIVE,2030-04-07,2025-06-11
a1d90c50-f44d-4e10-b6f9-6b14660956eb,f380a4be-a06d-4d50-9006-45e137c83cda,4966005663949256,CREDIT,ACTIVE,2030-07-07,2022-04-03
92c3ae57-0d09-4337-af86-fe564ab36b4a,c9eb4f12-594f-4de1-bb06-0ef8a95da745,3520595214732327,DEBIT,ACTIVE,2026-10-04,2023-03-10
00e0ad93-37c8-4850-bd0f-28de6d2c8952,d24ebd08-a85c-422b-b6c6-7846fb4bfe1a,4137573611528,DEBIT,ACTIVE,2031-05-04,2022-12-02
d20850cb-3b4b-42ef-8acb-07886524cbd6,60bdc1a1-e1c2-46f0-b6ae-f7995779457e,6011481219783459,DEBIT,ACTIVE,2030-07-09,2022-10-04
be629625-e97d-4d61-8e61-1d709724f66a,98a605be-01c7-4523-b442-2220bd09bac1,3536344841485005,DEBIT,ACTIVE,2026-11-25,2023-07-03
cf42442f-ab72-4706-b6c9-ae9515fea29e,4c6bb56f-5f4b-446b-b2a6-a53b569b3568,4220315548132172,DEBIT,ACTIVE,2027-10-13,2025-08-24
a6913312-56ff-4973-b29b-13bbbff3c42c,3a8df507-6fa5-48a3-b72b-c1f0aa7ef1d0,3533557597023711,CREDIT,BLOCKED,2028-05-26,2023-09-30
01716ad6-4150-45e6-8555-85fa41bae171,7f5e3620-ae30-4c6f-9c13-81e9992814e6,675942574954,CREDIT,ACTIVE,2027-05-11,2022-09-16
5e5cef2b-d594-4525-806f-61fc90c215d1,4b11ce58-21f7-4cf3-8d2b-a1771f272f54,502039647412,CREDIT,ACTIVE,2030-08-03,2026-02-18
6526e54f-b80c-4e73-ac11-c67863788be6,88acab5a-7789-4512-b8d5-5de055e40491,341669050215110,DEBIT,ACTIVE,2028-02-03,2022-11-12
7df40757-d37e-4e9c-a49b-cbb2662cc494,e98ef162-7bcd-4e77-bace-a820904263a8,371933358670795,DEBIT,EXPIRED,2023-09-26,2025-11-16
4373902f-3a19-4144-8977-c76c960b84ca,031d6b6c-70a2-4ff9-bc8c-a19ffe0aba4d,30561265091459,DEBIT,ACTIVE,2029-09-02,2025-09-09
448473e9-c3ca-4611-89c9-bf8562a217e0,bc892802-22a2-47bf-ba13-3d80d41045a8,3597762572480059,DEBIT,ACTIVE,2030-04-07,2022-09-30
876d2137-20ac-4e9a-a041-70a2e8332482,470634ba-e451-413f-98e2-fa77416db4e4,4623603607550696,DEBIT,ACTIVE,2026-09-14,2026-04-10
d8a5ff99-807f-4fa5-829e-c4839007ffbf,c1e99610-6584-43cc-ae89-3a20891fd06c,213142263212659,DEBIT,BLOCKED,2030-05-20,2026-05-06
493ae960-b5c5-489b-883f-babcab310784,b8c2d29b-d93e-4855-8b0d-04d3d426eb6a,6591696170882721,CREDIT,ACTIVE,2029-09-22,2022-10-30
c1a16d1c-3232-4f51-b5a1-fbe8b625b7b3,c3adcaac-933d-4455-9e1a-11d65c74932d,2282052813093768,CREDIT,BLOCKED,2027-04-15,2022-07-02
e77dc5aa-2279-4f58-8a6f-22e035854388,cc1275fd-abf0-4705-a6f1-3e371164a965,4100437825577,CREDIT,BLOCKED,2028-09-22,2025-05-01
80d48564-04ad-411c-b752-007b9ec6392c,6406dd16-1c7a-4784-b117-ebaf77c298fd,2312998206732293,CREDIT,ACTIVE,2029-02-05,2024-11-25
b3e2bc68-24dd-48d6-9c7f-6a9bc51f2929,6f6e7553-63ca-4d09-b568-98ab456292b6,4925671038948602,DEBIT,ACTIVE,2029-05-14,2025-08-04
b0369e35-d5c6-4677-be8a-26900c0ba7a0,811acb3a-2220-4188-9bc4-dd697b42de83,4593256201153437,DEBIT,ACTIVE,2029-12-20,2026-02-21
5fb8c7d3-ef90-4b77-a64d-707373ccf151,6b724f6e-fdf0-4579-a6bf-af6e5dce7972,3525995185280741,CREDIT,ACTIVE,2030-09-04,2024-06-06
edee25ec-5974-4642-91a9-7ea2bf28cc1d,a247be9e-2d2e-4beb-a953-1c5be6f0223a,213100612146739,CREDIT,ACTIVE,2029-03-04,2022-01-03
9c6bf143-998b-4326-8faa-8264cdb816b0,785d2073-9aa5-4bd8-9185-eaebded1adb8,4396921777799942,CREDIT,ACTIVE,2027-09-21,2023-03-17
bf7f43f2-37a7-4bc0-81f2-c00256daa8ed,03779f1a-443f-47a4-aeaf-455b70749265,4151324965151510,CREDIT,ACTIVE,2027-05-22,2025-02-26
74b55c5c-de16-479f-8c8c-08301b3dcd86,1ddf6b52-0081-44f2-9063-2b693510479f,180093895979141,DEBIT,ACTIVE,2026-09-13,2024-05-03
d0a5c6d2-a0ba-4978-bd7f-3d0ec12052cb,9adf3080-b184-4234-93a5-9246cbf6545f,4056828959047902,CREDIT,ACTIVE,2028-04-28,2023-05-08
377d5d20-1c1d-4d6e-bbc9-8fe1750bd410,d65e277a-c6da-4999-9730-96e6dbabcd3b,3583282272087217,DEBIT,ACTIVE,2028-01-03,2025-01-08
8604df76-1cd5-4aa3-91e0-8ebc31d271d1,2bbf23fc-99c6-4380-b020-433d56e9673d,4514300535560538652,DEBIT,ACTIVE,2027-08-11,2021-09-02
64965ad2-7bd6-46f3-8d0b-ad6380847f78,c29aa9c2-7186-493e-a236-89982218cdeb,5467048795097611,CREDIT,ACTIVE,2029-12-10,2023-09-05
67f37186-cee8-4674-b71e-e492f2085acf,d2b7f455-227e-4764-aaab-5b516bd508be,3557661905598371,CREDIT,ACTIVE,2028-04-03,2026-04-15
54a57b6b-2643-49fd-9f75-286744fea182,6fca79a5-82bd-4fc3-8a5e-c15b743e5bb3,3559324132538987,DEBIT,ACTIVE,2030-09-16,2025-03-05
4a986cbb-26eb-445c-964d-593c23a95fae,5ef61762-cf68-42d9-b0f3-3fe09abca620,3549624341808268,CREDIT,ACTIVE,2027-04-24,2023-02-02
5f203a09-ae71-4fea-99b3-ed3d6bd8b76a,4c20f03a-bc4a-4b39-a85b-0f6819fee4aa,4860321548598516,DEBIT,ACTIVE,2026-09-26,2023-10-01
69d5e70a-e5a1-44de-a635-bdbea6eafd3b,db7f6e48-1ce9-4f24-a152-67d1cb05a58b,30350072721197,CREDIT,ACTIVE,2028-12-06,2022-01-04
76e93394-ea6c-4fdb-b1c2-b9035141a9ee,d29a3866-dbf4-49cf-ac41-9cf1b2dc86ae,4377507733697,CREDIT,ACTIVE,2029-03-02,2022-11-06
91d8151b-ae75-44ce-844f-704b3322d304,e920da98-12c6-4261-9f73-81b381f57076,4934796056658848,CREDIT,ACTIVE,2028-03-17,2021-09-16
8f4d2fa2-e61a-4daf-b7e0-562d2b820c8b,ca901685-b566-49e7-aef9-f92665c2d8f5,676134369336,DEBIT,EXPIRED,2025-10-24,2025-09-14
6927a399-3c69-4cfc-8781-28bdf0636e11,9ca1f574-1d04-4cf5-be4b-3a5edfbb6545,3505537278112011,CREDIT,EXPIRED,2025-08-15,2022-07-01
9363272e-4b5a-48bd-917e-3949d6f88fdf,c1e99610-6584-43cc-ae89-3a20891fd06c,2271948315170900,CREDIT,ACTIVE,2030-01-20,2022-09-13
cede9167-3869-4c6c-ba82-af3acf7a346d,bba81ad5-56ec-4fab-835a-a73d77d7c1fc,3515458868978521,DEBIT,ACTIVE,2030-12-15,2023-04-15
d9536f22-1b5b-4e36-936c-c5e74a441032,ebc49b94-85de-4b68-801a-24ca91da35b3,180014051270018,CREDIT,BLOCKED,2031-03-25,2024-08-30
1b2b327a-8bd6-4b75-97c9-8a306df012bf,2fc49be7-9fe7-4b40-970e-a2ab62c10680,30460942089616,CREDIT,ACTIVE,2026-09-14,2021-10-08
544d2105-89af-4a8d-b67f-50b221fbc98a,622e4aa9-f99c-419a-97b0-14dfb8e31f32,6576519352838478,CREDIT,ACTIVE,2027-12-23,2026-03-29
93e38002-1ad4-4a4e-a726-c77ba0902fba,f5a372da-c06c-4614-b3f9-9e35f19bc2b5,3522252443622204,CREDIT,ACTIVE,2027-04-05,2022-05-12
ef9d7618-f682-47f7-8dd9-608c3894d7a7,7fdb4303-30f9-44dc-98e5-451791ec57b4,36636080683385,DEBIT,ACTIVE,2030-07-25,2022-08-06
720d9ccf-dae6-419b-aa8d-732122e6e7fb,78defce1-9ff0-4a6c-bcc1-e13578709a9d,4262186013391364,CREDIT,ACTIVE,2027-07-05,2023-04-11
df4d02f7-8e91-46fb-b451-61d37a3b826f,58416a9f-6cfd-47da-adf0-17f0b09daa1a,2720712607702656,DEBIT,ACTIVE,2028-02-16,2022-12-16
9f17d3fd-826c-4d32-8c9c-55bd670a521d,6a0775f8-7a2e-42eb-9397-d617c49b5abc,30462321262723,CREDIT,ACTIVE,2027-08-30,2022-07-27
4124b199-e66b-4eaa-86b6-b698f0858398,785d2073-9aa5-4bd8-9185-eaebded1adb8,4461476131156,CREDIT,ACTIVE,2030-09-07,2025-11-22
6922c0ea-659e-4390-861b-459cd96d27fb,e7867483-1343-4dd7-b4e1-0f14473a9c3a,4099348984509,CREDIT,BLOCKED,2030-06-15,2026-04-30
8be6a7c4-4f7f-4023-9a1a-33878d39e4d5,e7867483-1343-4dd7-b4e1-0f14473a9c3a,2697810236158727,CREDIT,ACTIVE,2026-09-30,2026-06-16
056a9089-9db2-4913-965a-c4265780b839,e4b6177d-f820-4922-bcff-6cba3f334891,6596489346541461,CREDIT,ACTIVE,2026-11-05,2025-05-17
292b0fb6-8346-44e7-93cb-f1d38a1750a8,2db68ef7-483e-4342-b8a8-4f7be4af7ac3,4623366959117,CREDIT,ACTIVE,2028-09-18,2024-10-05
33fd92de-7787-4e55-8514-89490adec20e,e610a9d5-b0a1-4273-a039-0e4a97a4b1b7,4431065482758043207,CREDIT,BLOCKED,2028-01-20,2023-06-23
019297d8-c2bc-4129-9ea7-f70d6e9e9522,ddbb17ef-4342-4a6e-a6b4-fa2c98814587,3542435036629001,CREDIT,ACTIVE,2026-12-18,2021-10-14
9f3d783a-a8f1-464f-9ade-6ca0fb7dbcc8,4f47e733-97e6-48d4-b4dd-05857184b4c0,3501887656715990,CREDIT,ACTIVE,2030-04-27,2024-10-09
85d41127-eb1b-4bff-9f5f-37ffb68e7e66,be25ceda-1021-4ec5-8930-89971be51d53,6584348418362624,DEBIT,ACTIVE,2028-02-07,2022-09-01
75793ed1-e3fb-4f0a-bd73-a3c3f096478e,22f0f4e4-69bc-468f-864d-881b82779aea,4900140853794091157,CREDIT,BLOCKED,2026-11-16,2023-09-02
262b7964-65fa-4599-80b7-0418aedb66d9,6c240035-4b41-4905-b204-5002bd0df6e7,060470899976,CREDIT,ACTIVE,2027-03-28,2024-08-30
35095248-b374-47b1-8f38-084df8ee1827,21e0205e-e44b-4509-849f-6615b73417e3,6556003715002837,CREDIT,ACTIVE,2029-02-25,2022-06-25
c8753828-dac6-4d28-855d-d252f83dafab,f3331b42-df43-46f8-be02-720e924e5d3b,586950503209,CREDIT,ACTIVE,2028-06-19,2025-11-07
2ffbb77b-b972-44f0-954d-ae2072f9a129,975fd109-410e-4be7-a077-4030adcf9d2a,4752524235794659,CREDIT,ACTIVE,2030-07-01,2026-05-05
62e0b278-80e4-407e-85ed-fef75f25e389,25ef64cd-2ec9-48d0-8944-18328ceb4928,4551915455272454,DEBIT,ACTIVE,2027-07-29,2021-12-25
6dbc0c55-18a0-4e81-8259-10b108d972d2,21ae77b0-767c-4ee9-b2db-e5a72af014d7,30061484027608,DEBIT,ACTIVE,2028-07-08,2025-11-15
eec27201-225a-42e3-86eb-f5e8d85b3f63,98d3a83f-2113-4e1b-bc4a-2a72a2f0e3ac,213152774800702,CREDIT,ACTIVE,2028-09-12,2023-04-10
6d80e3ff-f5eb-4a72-bd77-ec831fa369db,21ae77b0-767c-4ee9-b2db-e5a72af014d7,6519042437862140,DEBIT,ACTIVE,2028-01-11,2026-03-29
3a310354-4676-40b2-ad41-eb7737d7aaee,6c240035-4b41-4905-b204-5002bd0df6e7,3579223189098687,CREDIT,ACTIVE,2029-05-12,2026-03-24
3ed5baa3-1db8-4337-a708-740cdd9b66f4,68ecf0c0-f665-488a-b0bd-e7ccbab22392,30190346962296,DEBIT,EXPIRED,2023-12-26,2025-04-02
91286a82-3d91-4e5c-91e1-2eaa7381ee84,11f8b4c8-f8b2-4951-8c70-6f48c8a79f09,4551130834369792968,DEBIT,BLOCKED,2027-11-12,2025-09-07
4f901e26-9739-4e2e-b748-be4edf27a400,3fffc571-0e03-4466-a928-7e0d3c2e9928,5154559480321973,CREDIT,BLOCKED,2028-06-29,2022-07-17
8141b7ea-37d4-4941-90cf-8e42b759b97a,d636fb15-519c-4cea-9b0e-30af5453cf05,5454056367066901,CREDIT,EXPIRED,2026-01-21,2022-03-24
f0554bb3-f918-4107-88bf-561bc8d1f6f2,b54eb9b1-0071-4943-b813-3d0fd31d3be0,345546242955439,CREDIT,ACTIVE,2030-07-08,2021-09-07
7aac579e-8066-4d53-8847-2936beaf09d6,9b40d2e4-af13-49be-b82f-b37c59bc78f1,4664425712560853414,DEBIT,ACTIVE,2029-09-12,2025-07-14
e031e0af-25a5-4f02-9330-cbf90e687f37,f5c21877-ddd6-40fd-9c34-6862617d23aa,4260811091893328,CREDIT,ACTIVE,2029-09-08,2024-07-12
767be416-f95c-4453-8c67-90d201473cb1,d29a3866-dbf4-49cf-ac41-9cf1b2dc86ae,30045061428958,CREDIT,BLOCKED,2030-07-15,2022-02-25
9177ee8c-c798-45c9-9cc1-37f8f61ad387,3da34a3d-537e-40ce-967e-93e929581c80,3562426726811772,DEBIT,BLOCKED,2026-08-03,2024-03-28
e4c5589c-4bf4-40ad-923f-bd837711f11a,94998fd8-895a-4693-87f2-9408d496eaba,30270793736755,DEBIT,ACTIVE,2028-08-10,2023-02-18
0a2e68fa-08da-41d6-a923-fc0db0ef8dc4,3a8df507-6fa5-48a3-b72b-c1f0aa7ef1d0,180028205749784,DEBIT,ACTIVE,2030-06-18,2025-10-18
869d6e8b-f9f7-4c1a-8699-ae17ca5bfa25,fd5b1fa4-3ad9-4cde-807d-241d886fbf39,344113009386588,DEBIT,ACTIVE,2027-02-03,2023-08-12
02bcccd1-f980-46e7-9b56-895edbd13d72,1ddf6b52-0081-44f2-9063-2b693510479f,3504934690361188,DEBIT,ACTIVE,2029-07-02,2026-01-02
152a6f0c-3142-42c4-a2c9-e0d44411e92e,b2772d02-6392-46df-8304-feabb5e1b801,2639345127008054,CREDIT,ACTIVE,2031-04-17,2026-01-29
e8e58326-89a7-40f4-b657-60cceff33b7b,86eb9daa-ddc3-4d82-9c27-69a789b39ce7,6534897169714830,CREDIT,EXPIRED,2024-03-14,2021-12-17
84c9e29b-cb1f-4823-8329-23c78d75de11,edfcc2d6-2118-4615-ac6a-2be4c736feae,180062408190611,DEBIT,ACTIVE,2029-05-11,2023-06-03
4230eb96-b597-40a9-a267-1ccc5e7db619,8d7dfefa-13da-4692-81ef-536969455cb0,567568136897,DEBIT,ACTIVE,2031-03-16,2024-04-12
5b8f6acd-e81c-4725-93d2-09c6a7774126,4d1ec16a-c968-4360-b98d-7c4abddd1e99,3544470057659460,CREDIT,ACTIVE,2026-06-21,2021-12-09
24f6cdc7-f8cd-442e-9701-b3bba307d7eb,ded776f7-436f-4b8b-9108-58716cdf19b9,180058609877931,DEBIT,ACTIVE,2030-04-23,2025-10-17
8fcb16d2-ace1-4195-975b-b2e7634cc5e3,816eeefe-6d60-49d6-8f15-6205dc823524,5457208450898610,DEBIT,ACTIVE,2030-01-22,2021-11-24
b396b719-79c3-47cb-8597-c456863d258b,658b430c-0a66-43ad-a1ef-0a6f154efb43,213154377008865,CREDIT,ACTIVE,2030-12-25,2022-04-20
a0cc5be9-128d-424d-920b-4544474f4c2f,b54eb9b1-0071-4943-b813-3d0fd31d3be0,4837904308999493,CREDIT,ACTIVE,2026-08-19,2023-10-31
66d8de0d-2385-44ac-961a-7105df7dc885,4998b7d5-8351-49ca-8e55-fad9f4a718c9,4534946731766011,DEBIT,ACTIVE,2027-03-10,2021-10-20
14614383-c13f-4549-97d2-5bd1c4b6654e,35a4c8fd-87f5-432b-a315-6323aa129284,3514496134088908,CREDIT,ACTIVE,2027-11-30,2023-02-28
524460af-1de8-4201-856a-135ccbc59488,650868ae-b60d-4857-b767-1f610c17b6bd,501847950828,CREDIT,ACTIVE,2029-11-06,2022-03-19
1d6f8161-d38c-4117-9fd3-8d4dc34ec69c,31be2773-7274-456b-91b2-9dfd949404f9,4453887792619565,CREDIT,EXPIRED,2023-06-29,2023-08-25
bc94ee13-e304-41f2-9da2-6ccc1e0b726e,f6cf3954-3f5d-449c-9196-065c27f44046,4380572700290459499,DEBIT,ACTIVE,2031-02-03,2025-01-20
dbafe55f-5b72-4f0b-8b08-f5992e45ace3,674364bd-32a1-4684-ad2d-224cb2ad2f1c,3501346640837014,CREDIT,ACTIVE,2030-10-30,2022-12-25
afa85cef-9de1-42fd-87b7-91a698906fe9,3aa0d2a7-cd11-4ec8-a9a4-ca4cfb65e234,4554961216710488892,DEBIT,ACTIVE,2027-01-04,2021-12-07
b37e756d-0e76-4b04-87f6-7560f61c647d,51f353fe-90c4-444a-afb8-45f3d48ba3ff,3558986173031501,DEBIT,ACTIVE,2027-09-23,2025-05-29
50aa9c9b-96e1-4c07-b23c-b6c20cefb160,7b995a11-7cc6-4e93-b7cd-a5b55d9c54db,4792057189258274,CREDIT,ACTIVE,2030-02-12,2025-11-22
6a69003d-555b-4636-bc99-298c5cbe2334,21ae77b0-767c-4ee9-b2db-e5a72af014d7,4372151325908,CREDIT,ACTIVE,2029-11-08,2025-08-20
12e17405-9ca9-4828-bb39-5fcb31fa97cf,e5b2d7a5-3b1c-439d-a65d-88115c073dfa,3565454400214185,DEBIT,BLOCKED,2028-07-14,2025-12-02
6e83008e-1fa9-4a6e-9d9f-72c5a90f0137,ebc49b94-85de-4b68-801a-24ca91da35b3,4385580520850718,CREDIT,ACTIVE,2027-08-05,2024-03-06
9b97d538-84f5-4d3f-92eb-a9ce9c792ab4,fbbd22fe-0dad-4a92-a6c7-7eb1513ca1ff,180084350296832,CREDIT,ACTIVE,2027-04-10,2023-02-08
e508f22b-469c-4a5c-b661-8c525fe9c21b,a4b2b0a7-92d9-459e-bcb8-5541a32ae55c,6011947193601198,CREDIT,ACTIVE,2027-08-15,2023-01-31
eafeb6ed-53a7-4366-9a4b-9f07d7c6cb7b,d2cc61a0-736c-40ea-9209-3a0ecb462a26,3511557649704827,DEBIT,BLOCKED,2030-03-20,2024-03-04
0dee7123-f055-41b7-848d-74712c7f4ce6,c29aa9c2-7186-493e-a236-89982218cdeb,30465408032562,CREDIT,ACTIVE,2030-02-06,2025-06-02
9da7358a-ba72-422b-b465-b5879eebed55,ab302b71-d14a-4232-af46-386cdcc099f6,2568846194755241,CREDIT,ACTIVE,2029-10-04,2023-03-01
42946c1c-3cd3-4b55-b940-a92fd32675f5,b52ea27d-8076-4f09-a868-9c700aa21162,6506395438753998,DEBIT,ACTIVE,2029-03-25,2026-03-18
da834131-c11f-4444-a888-3a63df838c9a,e7867483-1343-4dd7-b4e1-0f14473a9c3a,30256767526272,CREDIT,ACTIVE,2027-12-20,2024-12-18
f9ecff53-7ddd-4a0d-a3cf-4acbf1582bde,9307c67c-016a-429e-a87a-43e470362b36,4417586884620281551,DEBIT,ACTIVE,2027-03-05,2025-02-25
dcc12067-8335-4934-8428-0640150f5cb7,3da34a3d-537e-40ce-967e-93e929581c80,5589576957578229,CREDIT,ACTIVE,2031-03-12,2022-10-15
e0ea1938-a137-4907-b8c6-1c17ec131c93,07eaaad7-f777-4317-a6d1-c0242ce4bf53,213179344723320,DEBIT,ACTIVE,2028-10-03,2022-02-27
83241ffa-2a88-4e6d-9e87-efec5927f658,3655bef5-4bec-401e-a3eb-931488204eb8,36686006299840,CREDIT,ACTIVE,2028-03-20,2024-03-21
482e9c26-99fa-4da7-9326-8d92aca8d914,1ddf6b52-0081-44f2-9063-2b693510479f,4470007086953,DEBIT,ACTIVE,2030-08-30,2025-03-18
d27bbba0-f467-4b67-830e-4b654d2877bd,a4b2b0a7-92d9-459e-bcb8-5541a32ae55c,6574833762979117,CREDIT,BLOCKED,2027-08-22,2024-07-02
d86694a2-42ae-4b8d-b1ed-b9cfa0651b6e,e2f63189-454c-4dcd-97d0-076de71ae118,3533800313502935,DEBIT,ACTIVE,2027-08-07,2024-10-06
77f186e8-e1bb-4096-8add-70cef6f37924,c3186204-c909-412b-a821-050ab5d60525,4027074501411,CREDIT,ACTIVE,2029-05-03,2021-08-27
339b909f-e6ef-4fa1-b251-0cc67b8ea181,40ac17dc-adb3-45c5-94d9-bf9fc60d7d28,38312632667692,CREDIT,BLOCKED,2031-01-29,2026-01-12
1ece806f-6705-4e3e-82ab-8e5c6ae5fe20,7bcdcd0f-0eab-4b49-9993-cc0a31c26b24,373465268512120,CREDIT,BLOCKED,2028-08-11,2024-12-07
f83928ce-30ad-499a-aedf-54eee12d7797,e1a2c510-c6ac-40cd-ace5-2ff202e7cc9f,213145634027888,CREDIT,ACTIVE,2026-09-26,2021-10-01
f28499ca-a4bc-4d14-b4ad-aa1737bdf6f9,4ca16d88-d64b-44b3-adb9-c88e0910b5fc,4430443838196092657,CREDIT,ACTIVE,2031-02-14,2023-04-10
7bbbf6f0-1f8f-4992-bc67-a061731ea529,f974f571-1cac-43c5-988a-03e194ad36d4,374854807702228,DEBIT,ACTIVE,2031-04-13,2021-07-25
1f09bbe5-5708-4757-9439-90975f0dfb93,aa7bb423-4f91-4834-9eed-650da2a80900,3552717874215168,DEBIT,ACTIVE,2027-07-10,2025-03-16
7fceaae9-86b1-455b-b97f-211b371e20ac,c14dcb9e-c508-4307-80b9-7aafbd59990f,379253298965748,CREDIT,ACTIVE,2027-01-12,2022-01-17
0baed9bd-4da4-44c4-a0fc-4343546867b3,06035398-f30b-44b4-9f42-a8bed223824f,2289574123185607,CREDIT,ACTIVE,2029-02-06,2025-11-03
bf40700f-24a8-4d91-8697-49781812d57d,6a0775f8-7a2e-42eb-9397-d617c49b5abc,3557635578720835,CREDIT,ACTIVE,2031-02-20,2026-05-18
ec8e17a4-637c-48eb-8ba9-a6df8c0f2415,b2772d02-6392-46df-8304-feabb5e1b801,4478157440832569,DEBIT,BLOCKED,2027-10-21,2024-01-26
0fe31721-3733-419e-88d7-1d18cba3ffe3,9af58df8-eb82-46f9-9e4a-49b303b73eb5,2224193747944089,CREDIT,ACTIVE,2029-07-24,2022-09-01
019c566b-683a-498a-aae9-9aac57f5ed10,6a783a44-17fb-4bd6-984f-a1680dcd3490,3511761358254137,CREDIT,ACTIVE,2029-04-22,2025-07-10
ed27430b-674b-4f64-8e48-90d716e42561,ccf82e8b-72dd-4154-952a-a6dd6afb6464,4701300704193885,DEBIT,ACTIVE,2030-08-07,2023-01-08
a0252949-f96d-43e5-b171-0a5f51ed91db,669ba0c2-10c5-40b3-bd1e-c5cd9429003e,213107638029815,CREDIT,ACTIVE,2029-11-03,2022-02-13
743057d5-6b5b-4f74-9fed-ad17b5722062,7092f1ff-3b4d-4177-8995-a60b8e577acc,4126313233743,CREDIT,ACTIVE,2030-03-20,2022-08-20
41dfd874-867d-4d11-b804-b8e5fef9058c,5c81706d-63c6-4921-9d0f-8fa8554c1cee,4116062016881248,DEBIT,ACTIVE,2031-02-24,2022-07-31
2aa33f1e-17fe-49ff-85dc-96adcc133360,a257955a-e9a2-4ea8-a189-49dd3d52bb4b,4501132583282642,CREDIT,ACTIVE,2028-10-07,2025-10-08
26944c56-3d50-45f7-8ca7-827eb9419280,d21cf784-ac29-4504-a1e7-b62cb857a595,349268298939888,DEBIT,BLOCKED,2028-05-23,2024-07-13
c44afd3a-196e-4e2f-b883-384e15a07ff4,ddccabf0-0a5d-4036-a78e-b946e101e0f7,4808853925740373,DEBIT,EXPIRED,2024-10-09,2023-08-30
e570c90d-f560-4a09-92bc-69460e24a1c7,7fb2ac8a-3745-4c3a-ba62-1f933f38d5ad,4764645632230,CREDIT,ACTIVE,2029-02-18,2026-06-15
f8e38203-db75-4b3e-8f1a-9b03606fc2ba,7131318a-5a33-46f4-924f-ef6ee9525f2e,3581049697451902,DEBIT,EXPIRED,2024-04-05,2023-04-11
1799d195-3507-4381-8267-4d339bc7a36a,6e70b5f5-a680-4217-bc22-7526ac61e3dc,6011261145732915,DEBIT,ACTIVE,2030-06-10,2022-03-01
4d01d9ad-4da0-420c-b362-3c95a616c482,a8111d64-212c-480e-96be-e386910081c7,4251904695718289407,DEBIT,ACTIVE,2029-04-28,2022-10-12
9f53c5a4-089b-44f3-81f9-647b173b8d6b,eda310bb-07b0-43ec-9d41-ee6350f818e9,3570517306293629,CREDIT,BLOCKED,2027-08-14,2021-12-11
ed45031f-976e-4571-9862-b72fa0fd9b4f,c0ea902f-4606-4fae-9d92-4b9132556804,30387792887023,CREDIT,ACTIVE,2031-04-13,2022-08-28
ab01738b-f083-4980-8184-264174a651cf,d4ac63a5-7390-4020-a106-6aef5ecbe08a,213133713314740,DEBIT,BLOCKED,2029-09-30,2025-05-03
4683998d-93d4-4b13-a56b-d76071053ff5,811acb3a-2220-4188-9bc4-dd697b42de83,4180966420228013,DEBIT,ACTIVE,2028-03-17,2023-11-14
f4904f97-f970-432a-9e67-a6f73d273e6f,e9af4201-8538-48c1-9f59-adc2208f764a,3517688345705802,CREDIT,ACTIVE,2029-07-17,2023-03-30
5b3b8ba9-0802-4c4f-977c-924e4d4e1c38,aac75877-a46f-4f36-9375-08f03aeee61a,2650124286355067,CREDIT,ACTIVE,2026-10-01,2021-07-14
bc04bfaa-5651-494a-85f0-25e6f190f020,a7ae14f4-aeba-4bc8-9336-c9cdfce16379,3542531550403946,DEBIT,ACTIVE,2027-08-12,2023-09-19
40abcc11-c416-4e4e-8126-9ec391619a6d,e2579919-1674-46bc-aea9-489267cacab0,213117521523840,DEBIT,ACTIVE,2028-03-21,2021-07-20
41b182ef-9162-4e1f-ba3e-80c0ce08274a,9880860f-0277-4b9c-b4d9-fdd7f8130d68,2261625219379249,CREDIT,ACTIVE,2027-01-12,2023-03-13
bb8456d7-bfdd-41eb-af3d-585c1ee93c16,edfcc2d6-2118-4615-ac6a-2be4c736feae,379540816841504,DEBIT,EXPIRED,2026-05-01,2023-09-16
1e80d489-04c1-4d63-9f0b-23c34d728273,acfc8276-3357-4524-9d14-9cd9d580bcff,4681964583534035748,CREDIT,ACTIVE,2026-08-06,2021-08-20
890e424f-c83a-4957-8bd1-ebb0b0a1f788,9a3f85ee-0360-4c2a-9965-38554fc0b52c,4211675003850787,DEBIT,ACTIVE,2028-03-19,2025-06-11
7c33c298-513b-443f-a017-7cb88262dbfd,1178e91f-6ffa-49f9-8f39-124f637a776f,4213359643815819,DEBIT,ACTIVE,2028-07-15,2025-07-14
e9b9a1f3-2748-4273-90d6-3585cd8ca3b1,7a8b8907-3bbe-4cee-a940-f03029d12491,4878772237420219155,DEBIT,ACTIVE,2027-11-05,2023-04-01
a712bdda-cd90-4667-abec-dbdc640f7eb8,e0b1216a-7c65-4200-b698-9b5bed9efc6e,3570086414990864,CREDIT,ACTIVE,2028-03-30,2025-08-19
192e4f40-9e7c-41be-81ce-3b5fb178f50c,257c24b1-3f46-47f4-8558-3f00bc29e5e1,676243135750,CREDIT,BLOCKED,2029-09-16,2026-01-17
5efc16fd-21db-41dc-ab24-a5b8ca368099,fe26bc9a-7e5e-4028-bbd3-127120e64526,4897137402454894,DEBIT,ACTIVE,2029-08-21,2024-06-11
94b71ebc-dba3-4326-9ca7-6a6a3779c87b,09f119f2-5526-422b-9191-1617a9aec011,4205173242018521,CREDIT,ACTIVE,2031-05-13,2023-12-21
8b523383-8c13-459c-b16b-80aa70bf3524,238bfb9e-ecc2-4d4e-bb96-468257d7c600,2326396168460991,DEBIT,ACTIVE,2030-01-27,2022-12-28
315372be-716a-49aa-8d13-6b636303af85,4a477aa0-81d5-4451-9488-a58d08330271,30581091940554,CREDIT,ACTIVE,2026-11-30,2022-11-04
53cdd75d-73c9-4466-8a71-13fcaee7b30f,566d76fa-e885-4e67-a02e-41aacb912ec7,3540508816492899,CREDIT,ACTIVE,2031-02-15,2022-05-13
73029821-e05b-4f8b-815d-975484596aa0,cf33b552-2cb6-4467-a981-2c8f9a1d6d2f,3548495124127874,CREDIT,ACTIVE,2029-11-28,2022-10-12
b1970392-f164-4ecb-a75a-f0fcfff28798,cbc22204-0f88-4ef8-9976-09a46037aae7,501894820114,CREDIT,ACTIVE,2031-05-21,2021-10-20
e57fa1f2-94b1-4259-bbe6-02c315345fe6,3278d352-f674-4fc2-a622-22fb698ef9be,180039488729526,DEBIT,EXPIRED,2025-07-02,2023-08-12
f33f8248-e383-4cec-839e-4ca7ad87a2d0,4faf958e-2855-4468-979c-4433381bbfde,4548995383787,CREDIT,EXPIRED,2026-05-08,2021-10-31
d88979e5-4f7a-4fec-8019-65c51e4c48be,25c09f8b-4510-4420-8993-3e2c212105f1,3507455022188336,DEBIT,ACTIVE,2027-05-06,2024-07-01
7d6b87ce-6702-4ed6-9ec8-d0fa2e41fbf1,25ef64cd-2ec9-48d0-8944-18328ceb4928,564173127049,DEBIT,ACTIVE,2029-03-18,2025-01-26
16b2fff5-aa7a-4e5b-a971-b5fab0e7afef,a3de73d5-fbdc-4204-9a7c-d55df128223f,4978990138029,DEBIT,ACTIVE,2027-02-02,2021-12-08
6a21aeaf-950d-40d2-b391-408cbb953122,e39afb69-a0c2-4ebf-9f1c-ae34a99670d3,4659755199040135,CREDIT,EXPIRED,2026-01-29,2024-11-07
fcdec84f-1b3e-4a34-a613-4e10ae36e737,ef699ca6-b3a1-4e01-8f77-8b7aaf8d2c20,4239180596777,CREDIT,ACTIVE,2030-12-19,2025-10-11
e7b548d5-0ed4-41cf-9e00-81ffb6dcf661,5944d863-e612-4db4-9387-9bc0c366b3b2,639074917670,CREDIT,EXPIRED,2024-05-18,2022-09-20
0f5e68fd-3995-4aa9-93d1-78362f02b308,0f8d83fa-c0bd-4947-9144-6ec4a226e31d,4277983055068428,DEBIT,ACTIVE,2030-09-25,2023-11-08
2b13d87b-7fd2-4966-9e37-52f67ec6be99,a257955a-e9a2-4ea8-a189-49dd3d52bb4b,30171126148025,CREDIT,ACTIVE,2028-08-27,2022-05-18
8f4aabfa-e286-48b3-b582-c3ba54b85345,0b3d553f-bca2-426a-8ef3-761ec9bcfc8f,060490397464,CREDIT,ACTIVE,2028-12-23,2024-01-30
2f710552-434e-45a4-9913-33370adb1018,7cd671d2-82ad-4855-a388-1969c01dd98c,3541192408630973,DEBIT,BLOCKED,2028-12-04,2023-01-28
bcfd09d6-267d-4951-88d7-d7a5015bc30c,f43f6dc1-b9e9-42a7-882f-981c960ca76e,6011605333582872,CREDIT,ACTIVE,2027-12-08,2026-04-28
6c817d25-c866-463b-ba1d-44fd22198031,5e94a8a2-5e00-4825-a3a4-c25631dc21be,4091793107461765710,CREDIT,BLOCKED,2027-06-12,2024-05-13
f0eb51a5-017a-4a11-af35-8d670724024b,6406dd16-1c7a-4784-b117-ebaf77c298fd,180039579798901,DEBIT,ACTIVE,2029-04-08,2022-10-27
517cfae7-6680-46fc-a1fe-6613503994fe,b629b756-7955-4ffc-ab24-1692763a79a1,3576197502937248,DEBIT,ACTIVE,2027-05-25,2025-08-01
84529c39-e351-487b-80bd-7b6ed2fdec5b,ea5ba311-fbc3-4d61-912c-e8ab8838bc5b,375989976238882,CREDIT,ACTIVE,2026-11-25,2022-08-25
c3524f90-d731-4e84-bba7-5dff2d4e1196,1b33b915-a0ca-41f4-9b8d-3f5f78c634e8,4236187791989,CREDIT,BLOCKED,2029-03-27,2024-11-17
05c2b7f6-f289-4bc9-9ce0-8357474425dc,f7423127-e434-4d83-aa76-0d00d45584a9,676354773670,CREDIT,BLOCKED,2028-12-17,2025-04-06
738c9640-4ccf-4120-9bc6-51748e23b44b,c9bc24e2-3084-4920-87fa-c90cc2888bae,676317823380,CREDIT,ACTIVE,2029-01-29,2026-05-24
db8a7f72-4524-4a9c-a52e-edb2eb83ab30,e0b1216a-7c65-4200-b698-9b5bed9efc6e,4837125316946363,DEBIT,ACTIVE,2027-03-17,2025-05-26
7c720f13-0100-4c78-917b-95ffbde36aa6,31be2773-7274-456b-91b2-9dfd949404f9,6011193089557471,CREDIT,ACTIVE,2030-07-06,2025-09-08
f095763b-bd71-426d-a01a-19f4ab96e135,1f112c56-803d-4a65-8334-0219fe5b5b12,2376013401350801,CREDIT,ACTIVE,2028-10-23,2024-12-10
2bdb2a46-f03e-4708-8561-4987413ee49b,47a050d9-be83-4b49-82e8-6dde57acaa31,2234421441161322,CREDIT,ACTIVE,2029-10-09,2022-10-11
cc91b26e-48c3-47c0-901b-05042a2f1fbc,b7ac0334-965a-4c36-acc4-ccd9ee163cfe,3523538925991557,DEBIT,EXPIRED,2024-05-30,2026-01-21
7399144b-cf33-4135-be05-c61c3c7ee9f2,dbaf4d4b-aea5-4e7a-8dae-acc31bf2910a,4569967309363781,DEBIT,EXPIRED,2023-09-02,2021-07-09
2b8822e5-5ad6-4a56-934e-20250458bd9d,9067036a-a47b-4bc9-944b-b1f5089f189d,376715647411742,CREDIT,ACTIVE,2026-08-27,2023-07-29
bfaf2e40-f689-486c-a0c6-ca03d4586df5,ff05c639-d6ad-45ce-a3d5-ebf2473a863b,4266802401763,DEBIT,ACTIVE,2030-07-03,2024-08-22
